CV Data Logger started on:,2022-2-25_133422
Timestamp (millisec since midnight today),x,y,theta,xdot,ydot,thetadot,cost,last action
48862088,0.11593928709565011,0.1156449711475732,4.092577970503019,0.0004056914775256698,-0.0007043925684928807,-0.02271640686856997,379.1005083501811,0.14776052193223518,78.95274782824883,300.0,I
48862089,0.11681313937082502,0.11501674738048334,4.086611227701981,0.006816773906075438,-0.004900667428962666,-0.046545552132635615,379.9265740754028,0.6754891071020923,79.25108496830072,300.0,I
48862091,0.11635325296278155,0.11426488202522359,4.108160336902306,-0.006345974597730418,-0.010374993393892615,0.297356254060141,379.03854238305223,0.8649128747677577,78.17362950828448,300.0,I
48862094,0.11607636723863195,0.11376108319014773,4.10448261766507,-0.005475243273915121,-0.009962309149838765,-0.07272461438330775,379.4369206514341,1.0794051812878598,78.35751547014627,300.0,I
48862095,0.11625421551344949,0.11370366251776731,4.103388256706376,0.007309291367010917,-0.002359901580989422,-0.04497655721419726,379.53499433931637,1.1227608212353877,78.41223351808098,300.0,I
48862097,0.11578567633945566,0.11311909572873523,4.0997551684396045,-0.017935036292143037,-0.022376414093840887,-0.13906963074546227,379.98487120715555,1.3909832757360023,78.59388793141954,300.0,I
48862098,0.11587805779640026,0.11291198535508386,4.106409358795192,0.002073616153208529,-0.00464884870302599,0.1493615392550673,370.7108990994639,1.487582751516318,72.2536193782506,296.969696969697,I
48862099,0.11576567378627522,0.11264880229551327,4.10224710674157,-0.004176244380291183,-0.009780010272784105,-0.15467130714553662,371.00513556443696,1.5737066138082432,72.46173198093173,296.969696969697,I
48862100,0.1161307057884301,0.11280697333278487,4.1075560518507475,0.012794725075973356,0.005544047987368072,0.1860836658549869,370.54268775843684,1.3767060632669914,72.19628472547282,296.969696969697,I
48862102,0.11591686399839286,0.11244688684842252,4.09725580599935,-0.006012397775277458,-0.010124228651054095,-0.2896027723625571,371.21438376210136,1.533389774361645,72.71129701804271,296.969696969697,I
48862103,0.11556673450207196,0.11192902820202137,4.098925365413065,-0.009614764709319556,-0.014220707167356947,0.045847096859234944,371.3944568072043,1.7969407901502708,72.62781904735698,296.969696969697,I
48862110,0.11580062534333843,0.11198671845376292,4.099598991408329,0.005696587254441295,0.0014050894468414289,0.01640666747832072,371.24330910856867,1.6794743912779033,72.59413774759375,296.969696969697,I
48862112,0.11574162314228083,0.11180974612854658,4.097839201334457,-0.0020412851832382903,-0.006122669643368898,-0.06088304061568046,371.39907281849753,1.7472485975131755,72.68212725128735,296.969696969697,I
48862113,0.11592602267810195,0.11190489777431892,4.095154561579871,0.0036484332238592063,0.00188262093065918,-0.05311688465543674,371.4296165615331,1.643560352819437,72.81635923901668,296.969696969697,I
48862114,0.11593164091212213,0.111726454993788,4.105635380525377,0.00013800148412802506,-0.004383115487314963,0.25744185168552225,370.9487133639327,1.6866981024943848,72.29231829174135,296.969696969697,I
48862115,0.11594359046215524,0.11160773448108766,4.107427527247151,0.0005234414836616645,-0.0052004670583189775,0.07850370402110515,370.88636505708814,1.713957131738488,72.20271095565263,296.969696969697,I
48862116,0.11615581596403278,0.11164730564545106,4.104142672869576,0.009246172486283061,0.0017240237763611697,-0.14311348023063042,370.9520049717704,1.6153543275419837,72.36695367453142,296.969696969697,I
48862117,0.11590267138454079,0.11120883938429044,4.086986402690138,-0.010854942261246689,-0.018801611150254877,-0.735667825042397,372.0428954431321,1.8484312899318076,73.22476718350333,296.969696969697,I
48862118,0.11628053767700677,0.11129083167125284,4.097140776806652,0.013208705053465821,0.0028661247556051217,0.35495659544616026,371.36416578190165,1.677420334527089,72.71704847767758,296.969696969697,I
48862120,0.11656908108891906,0.11139104658028316,4.085770733398478,0.008283009402148652,0.002876797734636859,-0.3263917059432826,371.7925636668765,1.5373160490931872,73.2855506480863,296.969696969697,I
48862120,0.11685281096783905,0.1111732792229902,4.106325271474033,0.008613871130785166,-0.006611288029845604,0.6240236058662416,370.74786206635633,1.5203413523507807,72.25782374430857,296.969696969697,I
48862123,0.11699516190701913,0.11099071931673898,4.107446685513016,0.004246657896432101,-0.005446184422238773,0.033454375582254565,370.72087041770396,1.5494204056475234,72.20175304235941,296.969696969697,I
48862125,0.1163770151045185,0.1101734149845362,4.083196545713399,-0.020532462254920423,-0.027147710355938843,-0.8054964906360927,372.44558221109435,2.0616252090570986,73.41426003234025,296.969696969697,I
48862127,0.1166758375730237,0.11014755493302239,4.0893156635857135,0.008871720226092531,-0.0007677573350173626,0.18167008011552258,372.06679241871575,1.9887913102942236,73.10830413872452,296.969696969697,I
48862128,0.11681098764555015,0.11000473107399326,4.08636418674631,0.004140478498527855,-0.004375573807192465,-0.09042190036608125,372.2411517288456,2.015576778453886,73.25587798069472,296.969696969697,I
48862129,0.11657452726932026,0.10952094769162564,4.08430298351039,-0.00662188832415857,-0.013547976122678568,-0.057722388246504996,372.61303968094387,2.284404568756143,73.35893814249073,296.969696969697,I
48862130,0.11722714575757584,0.10984828595094218,4.103445839600996,0.010339465121625825,0.005186035296400588,0.3032811611055821,371.36512356274886,1.9936312550914108,72.40179533796042,296.969696969697,I
48862132,0.11679365723787939,0.10908164143337348,4.093277968144172,-0.007177924501649778,-0.012694491818526658,-0.1683648132381083,372.3116327951429,2.4317469146443185,72.91018891080158,296.969696969697,I
48862133,0.11699677313163753,0.10902853486186417,4.104131698540452,0.003769901167585668,-0.0009856763162897136,0.20144898627340463,371.7536603327103,2.4164609720257046,72.36750239098761,296.969696969697,I
48862134,0.11721340358224305,0.10881377968626522,4.1045932998184975,0.0036977163940556533,-0.0036657068814696814,0.007879181382743402,362.7641753230305,2.3610231734320495,66.4637582102045,293.93939393939394,I
48862135,0.11779212104419573,0.10909531744155353,4.101882450215027,0.010795656352184916,0.005251932170843296,-0.05056941023134235,362.57807616050525,2.039381530733262,66.59930069037803,293.93939393939394,I
48862137,0.11810375415038189,0.1092542967190806,4.100793264600326,0.00560818985016775,0.002861011724735453,-0.019601125772769998,362.45786170557386,1.8647077950668414,66.65375997111308,293.93939393939394,I
48862138,0.11835953721934575,0.10929412048571448,4.103086593203706,0.0047833850505271695,0.000744742061090371,0.04288741159370482,362.2184904414353,1.740002961097287,66.53909354094408,293.93939393939394,I
48862140,0.1184601219141111,0.10918475074896829,4.115220383871092,0.00160456853864988,-0.0017447111518582841,0.19356323350060672,361.59072012835065,1.7189221813819375,65.93240400757477,293.93939393939394,I
48862141,0.11841783365256697,0.10908835115865559,4.107163883814607,-0.0007010858978214948,-0.0015981832985375588,-0.13356658252566297,362.03475512664636,1.7601321768533844,66.33522901039902,293.93939393939394,I
48862143,0.11866337978678868,0.1091683958351285,4.109873869398114,0.004286942777849748,0.0013974846266609179,0.047313117602582035,361.77238010095664,1.633256430338999,66.19972973122368,293.93939393939394,I
48862144,0.11829234990842558,0.10864116575139801,4.102742213212396,-0.006092256540406048,-0.008657041152794993,-0.11710075542446129,362.424558195008,1.9288517151044775,66.55631254050955,293.93939393939394,I
48862145,0.1185571280409108,0.10842527917588024,4.105782897528142,0.004429112032716256,-0.003611271899053159,0.05086345826278822,362.2283240944031,1.8846518302868607,66.40427832472227,293.93939393939394,I
48862146,0.11864808706734321,0.10793020543311696,4.106457189086545,0.0014516287441796595,-0.007900956108163524,0.010761120105690443,362.3246768169129,2.0147191307169012,66.3705637468021,293.93939393939394,I
48862147,0.11871707873375151,0.10768432036655763,4.110739616866248,0.002159879548448776,-0.007697772124933262,0.13406732523822296,362.17540795362106,2.079571656410131,66.15644235781699,293.93939393939394,I
48862148,0.1192576704726418,0.10785230228735002,4.113016322306053,0.02220617678312452,0.006900283450764208,0.09352145037066574,361.8231984055296,1.841197380308906,66.04260708582673,293.93939393939394,I
48862149,0.11950713544088917,0.10793997927192674,4.105307960795708,0.009666419516830883,0.0033973608432622355,-0.29868825538863286,362.0990045288943,1.731585428156345,66.42802516134398,293.93939393939394,I
48862171,0.11928410092600508,0.10737557514493175,4.104747572089908,-0.007923989953212043,-0.02005219969736047,-0.019909539458326686,362.4229174536188,2.027478917590885,66.45604459663399,293.93939393939394,I
48862203,0.11992958589992377,0.10779792271891772,4.10574107959776,0.023207668638644843,0.015185020478318366,0.03572041792430542,362.0263506594247,1.6805874987893692,66.4063692212414,293.93939393939394,I
48862242,0.11908993767773475,0.10687021991005041,4.085228413805797,-0.026554518423804897,-0.029339312201076655,-0.6487287739071917,363.6640195000723,2.292623049838801,67.43200251083954,293.93939393939394,I
48862272,0.11938586450397368,0.1069196812203754,4.091976855581642,0.007436117993489144,0.0012428752890156778,0.169576411693275,363.230238021189,2.1962636597477525,67.09458042204729,293.93939393939394,I
48862305,0.11942084863033668,0.106788848444645,4.112837783364601,0.001177952918034938,-0.004405279364335278,0.7024097300551121,362.23642353913715,2.24549556684388,66.05153403289934,293.93939393939394,I
48862338,0.11902118505094239,0.10629586125329628,4.093444792162195,-0.012150171416927303,-0.0149873022963823,-0.5895662740980643,354.843280814592,2.55690719346299,61.377282712038074,290.90909090909093,I
48862370,0.11944631587882408,0.10659596082427739,4.113246924652092,0.012679479857979264,0.008950436468234913,0.5905964084085565,353.6101845830708,2.3139175864366335,60.38717608754324,290.90909090909093,I
48862438,0.11976724289007189,0.10665230855612307,4.108355269292467,-0.002554868141961184,-0.004697632183348921,-0.09736498145141073,353.6921202287118,2.151270464096397,60.63175885552449,290.90909090909093,I
48862505,0.11906241338963855,0.10584613700007883,4.111295962167733,-0.010318074024324981,-0.010930271609632355,-0.16900017067041873,353.9998148578497,2.605999736997604,60.48472421176116,290.90909090909093,I
48862570,0.11895479759339825,0.10543394500168103,4.110205180116481,0.0022439161224799085,-0.0013519535345138472,-0.19422090200171163,354.1817022771154,2.733348053700673,60.53926331432377,290.90909090909093,I
48862634,0.11907065192995656,0.10519181422377752,4.0893147392347,-0.00915211395268599,-0.013505325256956878,-0.7410311587126844,355.22559885127157,2.7327225837678046,61.583785358412825,290.90909090909093,I
48862734,0.11954829097753275,0.10530801419784841,4.109753177327941,0.0013476465554574258,-0.003551765157994658,-0.05729487824619477,353.9648431310351,2.493888768193395,60.561863453750775,290.90909090909093,I
48862842,0.12002940279961671,0.10520278011720281,4.105439807935845,0.0045277127748145655,-0.002272310330731208,-0.05318377017398842,353.99826910619345,2.3116462737469163,60.777531923355575,290.90909090909093,I
48862993,0.12052139602138584,0.104775154712749,4.105583980579189,0.0011450627463154522,-0.004886086525460551,0.05108647673178726,353.91719858040426,2.237784380124943,60.77032329118839,290.90909090909093,I
48863041,0.1204389112791993,0.10435601637051191,4.115991819065612,-0.0006577571173235338,-0.012399110848961933,0.7877261842231981,353.56671127481485,2.4076889988566768,60.24993136686724,290.90909090909093,I
48863071,0.12053907977656973,0.10434849440889184,4.112875986003277,0.003768147386878586,-0.00028296181700775033,-0.11721168351330889,353.68881401987284,2.374000090797944,60.40572301998397,290.90909090909093,F
48863178,0.12013782830349053,0.10366436652518833,4.116870355349481,-0.00984098108781751,-0.01577274971045511,0.2783684855852347,353.8731406032157,2.7580451414509692,60.20600455267379,290.90909090909093,F
48863275,0.12021509846783653,0.10149419653663724,4.182526225026606,-0.0022111623184428797,-0.038183774472946956,1.3354493127629243,342.71020844589447,3.234227504422416,51.59719306268416,287.8787878787879,F
48863336,0.12034922380697446,0.09923128656061612,4.2403250528998235,-0.009962120485874014,-0.05391511730294449,2.17415417357586,340.3804585652756,3.7944190174644095,48.7072516690233,287.8787878787879,F
48863394,0.12276580730124477,0.0990122651418206,4.297570456883849,0.05131855821535196,0.0015535032398308665,1.2948131720538678,328.40979858820504,2.6760509041230742,40.88526283559708,284.8484848484849,F
48863457,0.12331734032074626,0.09733281472287753,4.283875193467668,-0.024282657167162474,-0.05886088126190243,-0.11515492102565358,329.18871501543595,2.7702041605449255,41.570026006406145,284.8484848484849,F
48863524,0.12579887057842873,0.0969489777263433,4.329842140179606,0.051719574483805014,0.008269377453019202,0.0902205284949348,318.3810127619895,1.866037218777608,34.69679372503005,281.8181818181818,F
48863585,0.12740979551892317,0.0963155584191487,4.321157431240728,0.061387625073044884,0.019814329091641325,-0.6597199131642392,317.97915758012635,1.0299465899706308,35.131029171973935,281.8181818181818,F
48863652,0.1267779818913585,0.09439900382225899,4.3531379521950075,0.010618233864330872,-0.015757573834797707,0.5737100685443209,316.9899688639586,1.6397839215168613,33.53200312425996,281.8181818181818,F
48863773,0.12699847328866098,0.09369611940965113,4.354377666591222,0.013852838942753304,0.0019357469790367507,0.11470472369575554,317.07328431475025,1.7850850921191745,33.47001740444925,281.8181818181818,F
48863844,0.1286975997664987,0.09372952772169524,4.35232873412353,0.011908150962548448,0.002753320071955167,-0.48438315259614834,316.71971834610196,1.3290725000863053,33.572464027833846,281.8181818181818,F
48863882,0.12871116004817004,0.09262164065627947,4.358903522634604,0.013374331079756885,-0.018570199532353483,-0.5926813538657668,308.8974606534158,1.0605807604958553,29.049001105041167,278.7878787878788,F
48863973,0.13095009847162906,0.09194317595550554,4.32371482618117,0.01477847321022265,-0.011524910403430828,-0.694942478311117,309.7362263741241,0.13991165853243132,30.808435927712846,278.7878787878788,F
48864092,0.1321215932495247,0.09160035670921862,4.35225328437462,-0.0021207491054681055,-0.010221521990089686,-0.15326113808390407,308.8975805363154,0.7281887303961865,29.381513018040373,278.7878787878788,F
48864205,0.1336948306560899,0.09120093841382622,4.358761680323445,0.020626451927050742,-0.0012819203738658135,-0.060281007091704426,309.38259550341377,1.5386234949358764,29.05609322059911,278.7878787878788,F
48864312,0.13406992710062354,0.08978570155570467,4.3259808482297855,0.021393206476885123,-0.0008332041112585137,-0.4516052787687831,304.4347921229766,1.8169081247110022,26.860308240689857,275.75757575757575,F
48864413,0.13549987988505197,0.0890214394777218,4.335370613914323,0.01619719634986718,-0.010048561765138377,-0.24082549560335872,304.32140569786645,2.173009983827739,26.39081995646299,275.75757575757575,F
48864511,0.13671075380284223,0.08821724244533409,4.352464831370693,0.02548634926153174,-0.0050056552526082316,0.07429619655756436,303.9131730563764,2.619488215156157,25.536109083644497,275.75757575757575,I
48864557,0.13833844589699976,0.08847756829091301,4.348323232003878,0.07446895580053162,0.02438948730686929,1.7769199876634156,304.94367130803334,3.4429064984724023,25.743189051985215,275.75757575757575,I
48864611,0.1387417749542935,0.08828169396692992,4.322994308491242,0.0012535312708832926,-0.007220700127581748,-0.8759068324199298,306.39133470898787,3.6241237237951003,27.009635227617046,275.75757575757575,I
48864679,0.13808303674385466,0.08754695240887342,4.32068933171382,-0.012237067123184509,-0.010018072862826384,-0.532016971509014,306.1380691266855,3.255609302621612,27.124884066488136,275.75757575757575,I
48864748,0.13830018082860476,0.08682813346919967,4.352057165494125,0.0050372013693124615,-0.008958319530724975,1.0090967397753172,304.67519971063103,3.3611315755823883,25.55649237747288,275.75757575757575,I
48864816,0.13927067373256957,0.08658636417827469,4.314460854467268,-0.005929679976722049,-0.01704440671596055,-0.2504329050359135,307.04652893362345,3.8526452472319623,27.43630792881574,275.75757575757575,I
48864878,0.13975733532312234,0.0860587865265667,4.343554159575133,0.007033699786530556,-0.006408778313644695,-0.4529827479955056,305.86067791187025,4.121459480872037,25.98164267342249,275.75757575757575,I
48864940,0.14013718501669103,0.08525429202503847,4.34764752663145,-0.018555725288567207,-0.02840052682837754,0.6954650330818875,299.2803033690859,4.2801557584304195,22.27287488338283,272.7272727272727,I
48865071,0.14280170885160984,0.08577724643804975,4.334578149214976,0.0054628686981494316,-0.004581196770597985,0.028267751541698367,301.2751932015628,5.621576720083575,22.92634375420653,272.7272727272727,I
48865177,0.14386135075263537,0.08508075098068135,4.3377993340667675,-0.003382973070845478,-0.011717456059639692,0.053569643568498644,301.5239317781588,6.031374539269131,22.765284511616947,272.7272727272727,I
48865220,0.14344558981397068,0.08410438533221828,4.353656289839989,0.02341547377101171,-0.0031660882354523482,0.002868465119287162,300.42634214620216,5.726632695973605,21.972436722955845,272.7272727272727,I
48865274,0.14402731071902009,0.08389145443236037,4.343469615755279,0.04118594037994647,0.012234190272261079,-0.29696564874519843,301.2060502230441,5.9970070685800145,22.481770427191393,272.7272727272727,I
48865340,0.1450817849188554,0.08396641998441377,4.342500142583632,0.008493005026447063,-0.003417834345044117,0.17976946478985584,301.78172523595856,6.5242084229121415,22.530244085773706,272.7272727272727,I
48865466,0.14541151698530644,0.08342061825303833,4.3443586850079035,0.0036167344978745536,-0.0034311160801926946,-0.18316549583739322,301.82045479111116,6.655865099278311,22.437316964560168,272.7272727272727,I
48865574,0.1471908756562167,0.08373125364087133,4.341087237595401,0.007846218130833948,-0.000661513188213058,-0.36131077455560523,302.88480657875704,7.5566445162990705,22.60088933518527,272.7272727272727,I
48865681,0.1484167552859891,0.08377373037996327,4.345404655858859,0.0037864892915189436,-0.0025146981668148316,0.04469566796883237,303.28083773681595,8.168546587530892,22.385018422012376,272.7272727272727,I
48865791,0.1483476737105488,0.08233915345854523,4.362476889150681,0.02210580194736033,-0.0010551426075065822,0.19100340914821778,302.35264297492034,8.093963490226377,21.531406757421287,272.7272727272727,I
48865908,0.14930985486970388,0.0817752080357256,4.364924636185427,0.014832496606201081,-0.0048853823687929265,0.06281623499376923,302.71278432578976,8.576492192833111,21.409019405683974,272.7272727272727,B
48865996,0.14996712285271843,0.08105723254084837,4.331626160288291,0.009475740910235914,-0.0018657863216991694,-0.6448056370412419,304.72097781796896,8.919761890155455,23.07394320054079,272.7272727272727,B
48866045,0.14988589279385486,0.07935607227659273,4.383596915088355,-0.07467218513012523,-0.07880218693194448,0.9483845920066678,295.7882784180615,8.822333644232238,17.2689750768596,269.6969696969697,B
48866111,0.15064467076372381,0.07701326273180073,4.344486493432049,0.02294838654960915,-0.025827730627565708,-1.1835589560536375,298.03772458137615,9.116258724731528,19.224496159674942,269.6969696969697,B
48866179,0.15088859169182484,0.07436222997198866,4.353304752284677,0.03350028747954339,-0.02307558155258479,-0.2812533541419866,297.8055942299413,9.325041315928036,18.783583217043535,269.6969696969697,B
48866242,0.1498055230159413,0.07244100889288367,4.356665054771794,-0.021158530242482106,-0.02741379346316612,1.3884244585066077,291.0880224643199,8.74815416513431,15.673201632518955,266.66666666666663,B
48866365,0.14919632998954413,0.07134586523658652,4.369083078690339,-0.020519800845622427,-0.01596769514003119,-0.02976953487621399,290.14784559141134,8.428878488153074,15.05230043659164,266.66666666666663,B
48866478,0.14730750677275584,0.06870244814923791,4.322296874753337,-0.009680512597633625,-0.016691814879620855,-0.7787533001117688,291.66541325415375,7.607135954045334,17.39161063344178,266.66666666666663,B
48866592,0.14637214529604,0.0654263848764168,4.326586883795095,-0.0034887089895591045,-0.025252276547492028,-0.5123562580761293,285.32068178525645,7.217672674819661,14.466645474073161,263.6363636363636,B
48866700,0.1476957753804968,0.06525672654634429,4.3328420700631884,0.004470849537001636,-0.00360565265179087,-0.10303405230385168,285.6716921156559,7.8814423186238205,14.153886160668469,263.6363636363636,B
48866826,0.14906671776253835,0.06616843767679306,4.3447374252336335,0.02777347048087944,0.01260887457879324,-0.060404552311566995,285.76166022445955,8.566178185949735,13.559118402146211,263.6363636363636,B
48866904,0.14780692186991706,0.06454736194297454,4.334092115102807,-0.001932038372095887,-0.013983536555268567,-0.31754142401059293,285.68320633540253,7.955458790351373,14.091383908687535,263.6363636363636,B
48866950,0.14651960813254244,0.06318344504005471,4.314749377808603,-0.036030216940061026,-0.026567220153329747,-1.311252130094093,286.09502140629354,7.400136996532166,15.058520773397746,263.6363636363636,B
48867014,0.1452909390898818,0.06161012406644918,4.354171234640662,-0.023079473957569464,-0.0263535156561806,-0.16848057989053747,283.7098079709336,6.986016402775135,13.087427931794798,263.6363636363636,B
48867076,0.14627122114087082,0.06144623665915206,4.357800685596845,0.03227120355020944,0.0025054694212766613,-0.17607479091204578,284.0211418111958,7.478822790846516,12.905955383985637,263.6363636363636,B
48867202,0.1461327267376929,0.06106359566600055,4.355236373756056,0.009341533112565437,0.0022142437654809497,-0.06820989011338265,284.1405598578935,7.470025245504762,13.034170976025102,263.6363636363636,B
48867298,0.1477667573823521,0.06151769055900597,4.366757818631388,0.006765220211963931,-0.00045904068701153937,0.16576142552767137,284.28327403307986,8.188811664457768,12.458098732258478,263.6363636363636,B
48867391,0.14677360845686369,0.060540309261340075,4.357941859950578,0.008041392800738649,-0.0019496340287841571,0.0385966499492873,278.78260470046814,7.785899613251001,10.390644481156535,260.6060606060606,B
48867441,0.14545167613157983,0.05926842414476096,4.350302332328351,-0.06157465849834712,-0.03750916758434311,0.01709647946212968,278.501428708562,7.122747240233506,10.77262086226788,260.6060606060606,B
48867489,0.14560959670700838,0.057429379277262195,4.347375136068971,-0.009942795869279597,-0.0526356495996379,0.5458747590706579,278.8211932406404,7.29615195934289,10.918980675236893,260.6060606060606,B
48867545,0.14431174242737546,0.05332717559443442,4.3229299463875694,0.017483030458882595,-0.06785731056839073,-1.8557645115312795,274.45642239259524,7.072273445387208,9.808391371450455,257.57575757575756,B
48867612,0.1449063078161719,0.05103947630665991,4.348441458167778,-0.0029077771784457437,-0.02534131363584373,1.057208820123885,273.60044385988493,7.491870501687341,8.532815782440053,257.57575757575756,B
48867680,0.1440343328590315,0.049617029805268706,4.360179442460472,-0.03814288079746843,-0.026740235356704927,0.3041841821395956,272.75673817435484,7.235064030792008,7.94591656780527,257.57575757575756,B
48867797,0.14364890312126757,0.04837909264877898,4.320937831022628,-0.0012618277870713574,-0.009993378681319257,-0.4652179328372736,274.7410688713091,7.257314155853977,9.90799713969754,257.57575757575756,B
48867883,0.14038971220938404,0.04495735634051176,4.340268894583275,-0.01817332130449873,-0.021553747440963292,0.5058137506656715,267.2377778981437,5.932219965888471,6.760103386800664,254.54545454545456,B
48867939,0.1396715128246969,0.04226139464804728,4.331759517897405,-0.04412184983198285,-0.06472041304290858,0.5128432870794868,267.77135036883703,6.040323602288306,7.185572221094152,254.54545454545456,B
48867997,0.13981696555958928,0.04009315694740281,4.324511511580872,0.020152049512460392,-0.026850108572436318,-0.345591565556254,263.374761227715,6.362622008796451,5.496987703767042,251.5151515151515,B
48868068,0.13948324787858196,0.03889164401298256,4.317997003037503,0.001873073671415632,-0.011989180390282655,-0.18894321630825872,263.61707978205106,6.279215135963912,5.822713130935628,251.5151515151515,B
48868129,0.13989912257073153,0.03856487768778206,4.327736120613662,-0.0017596844401442616,-0.005796442869350734,0.2490128305262715,263.3658103873257,6.514901620046647,5.335757252127584,251.5151515151515,B
48868201,0.13938150819804604,0.03828855524161939,4.324734194624205,-0.02276896641151006,-0.00892728106412298,-0.15444874595307345,263.2933648263186,6.292359759566653,5.4858535516004645,251.5151515151515,B
48868251,0.13965107229462717,0.03761761130731476,4.295992522898386,0.020614358421674556,-0.014023903841983406,-1.005653206505809,264.94615413668345,6.508065483640569,6.922937137891373,251.5151515151515,B
48868311,0.13783163769336976,0.0361467849403342,4.289374423574229,-0.013097619294801017,-0.017885991653701343,-0.094524302416579,264.68387100714625,5.914877387895489,7.253842104099258,251.5151515151515,B
48868434,0.1377336770644052,0.034525659586239564,4.304904850055528,-0.006310474817811526,-0.014213755596124573,-0.14092434449961563,264.2556132813123,6.263140986126537,6.477320780034292,251.5151515151515,B
48868546,0.13553220880606806,0.032209762295965824,4.290119223992493,-0.018666800842543907,-0.013545368170103548,-0.42511511220482645,259.10161930440523,5.3394777766175485,5.2772930429392035,248.4848484848485,B
48868661,0.1362806671885052,0.031654550816353655,4.297629510237767,0.00742376002864446,0.0017621114687497933,-0.36320389665046626,259.15860279569125,5.77197558016713,4.901778730675613,248.4848484848485,B
48868786,0.13715360700557527,0.031663207127440085,4.3259933022531465,0.01519857633274363,-0.000829630425133503,0.09223766342834908,258.160830726587,6.1923931118319455,3.483589129906549,248.4848484848485,B
48868865,0.1353229740188204,0.028918351476908213,4.334420408430983,-0.02599083040658398,-0.02766612332540373,0.2690850585310018,257.4071251842955,5.860042878432361,3.0622338210146784,248.4848484848485,B
48868917,0.13340975370783198,0.02516549541474976,4.342878539938464,-0.07712238145550593,-0.1150051649246935,0.4129705303171057,251.73019786612898,5.480471942634382,0.7951804689491668,245.45454545454544,B
48868981,0.13381637517142345,0.021995875223902468,4.337013929896349,-0.0035696218585075904,-0.045945320285034785,-0.017856445170789246,252.83386654451118,6.290910118910264,1.0884109710554815,245.45454545454544,B
48869049,0.13425453993684447,0.019347941513245568,4.307593451706656,0.0011670199479495039,-0.031385847251244194,-1.007397980163016,250.2822653077727,7.062226550974371,0.795796332555921,242.4242424242424,B
48869110,0.1328713853253907,0.017898930778377495,4.341618362321738,-0.004574061382815188,-0.023086942493330105,0.2525364349249026,249.87884065741866,6.549149034978372,0.905449198197898,242.4242424242424,B
48869256,0.1314863468058108,0.016277617403267722,4.3355151787541,-0.01537371918996562,-0.012658238704201042,-0.05446804927852125,249.21784837266145,6.193315928602966,0.6002900198160848,242.4242424242424,B
48869375,0.12838943290279628,0.011412112653675538,4.324727498144569,-0.030414166369874575,-0.04569858841046526,-0.15945559617813376,246.89999685155823,5.74893662966854,1.757120827950276,239.3939393939394,B
48869485,0.12667959594437972,0.006832864093359136,4.319810460998207,-0.008945800013005639,-0.03321728396702332,-0.11168070388468371,247.06143827017456,6.15622990560307,1.5112689706321014,239.3939393939394,B
48869592,0.12651617150338973,0.005740288613503523,4.320764324053444,-0.009117165501708028,-0.009140144855489444,0.021870193921967766,245.78817518505542,6.22500499376247,3.1995338276565954,236.36363636363635,B
48869655,0.12625972462229296,0.004649025101232622,4.322273005062929,-0.0047016972105438665,-0.021736007356151284,0.07426405529930295,245.87824348983838,6.239639248071319,3.2749678781307328,236.36363636363635,B
48869714,0.12563781512850233,0.0032929967394404124,4.3212893791279665,0.020406770023080355,-0.02449493097650281,0.934358731655329,245.77811962899875,6.188696683979676,3.2257865813827267,236.36363636363635,B
48869778,0.1243711741990045,0.0014614463494983336,4.311869883058947,-0.017255901574892006,-0.024283895619814606,-0.11708847953506109,245.20342880112065,6.084980659552603,2.7548117779317143,236.36363636363635,B
48869845,0.12315842751638217,-0.0005435008288484,4.318182321121489,0.0047402977074112425,-0.027208080791691753,0.046825897634393314,244.20175705356337,6.202345253197884,4.666078467032154,233.33333333333334,B
48869914,0.12163653633106221,-0.0021071126609635816,4.313833475180484,-0.027176119692460254,-0.020513447132649583,0.12728951162510582,243.45283463323128,5.670865129916058,4.44863616998188,233.33333333333334,B
48869982,0.12171385266590024,-0.003206165520639256,4.318710377684723,0.0005969089643601346,-0.014479526641955686,0.18099237309691954,243.9405546304197,5.914740001892549,4.692481295193814,233.33333333333334,B
48870049,0.12179821075518596,-0.0037223466793989833,4.314937019330168,0.0034301884576994515,-0.0072400592136667285,-0.032203900105430894,243.90182335675846,6.064676645958945,4.503813377466159,233.33333333333334,B
48870117,0.12167239470340203,-0.004120875699608187,4.315637480742344,-0.007701302814802196,-0.006887128582344107,0.05431022057881632,243.97374029263773,6.101570511229485,4.538836448074891,233.33333333333334,B
48870185,0.12142676120235887,-0.004773259712143361,4.317754055361481,-0.025644243058541304,-0.010717928322911529,-0.014480683103873057,244.1379070472523,6.159908534887287,4.644665179031656,233.33333333333334,C
48870261,0.12099702133830663,-0.00612134768186537,4.310659252210827,-0.0031019396237806775,-0.02420864011788802,-0.038075614643997405,243.99360595058255,6.3703475957501885,4.289925021499004,233.33333333333334,C
48870333,0.1191711765431808,-0.007570039514777528,4.297086091610229,-0.03359798162285387,-0.017317549222181376,-0.36468500193941944,241.5456411431189,6.070758906428053,5.171851933660576,230.30303030303028,C
48870356,0.11856075071938871,-0.008847220695349068,4.273382961127267,-0.02261359719514617,-0.047313956318635685,-0.8780969351458017,240.2457347499574,5.956009037414682,3.986695409512433,230.30303030303028,C
48870414,0.11710729454291523,-0.011723482430840388,4.206550373370475,-0.04426403627849962,-0.05761217702455228,-1.428896431940454,236.91874155428664,5.970645229583254,0.6450660216731083,230.30303030303028,C
48870485,0.11603003643925855,-0.013223019748704908,4.1951845166084265,-0.01424230212608908,-0.013091037460790855,-0.41679838497197746,236.41176492020944,6.031961433603676,0.07677318357547855,230.30303030303028,C
48870543,0.11472869861305429,-0.01403973168157865,4.189624816163435,-0.028498997701616863,-0.01573427853589397,-0.3180726494304571,234.3876030245289,5.78135047290981,1.333525278891798,227.27272727272728,C
48870674,0.11232774262426137,-0.015036828569791926,4.178426890564511,-0.011622234610644846,-0.008247900874184288,-0.0812792071236984,232.83430543690164,4.7879491652284365,0.7736289989459192,227.27272727272728,C
48870779,0.10949937650802236,-0.01744802647385678,4.166049719338136,-0.012116355990579192,-0.020676396558993154,-0.04605433219359392,231.70013037226838,4.272632661915664,0.15477043762543194,227.27272727272728,C
48870841,0.10789074995872966,-0.0204614719290045,4.145931876007694,-0.011686909452263207,-0.027460363769201385,-0.27526263948168966,229.35697580699693,4.448050113519612,0.6665014510530841,224.24242424242422,C
48870904,0.10717859210817436,-0.021565250210534955,4.140019143467201,-0.0025287719925905948,-0.016542016372458702,-0.22958751311609885,228.93077580575815,4.317486739303953,0.37086482402996745,224.24242424242422,C
48870968,0.10664925070474807,-0.022247062432573197,4.140495414553852,-0.01588969903193501,-0.0089367665881738,0.11389440878306792,228.88425097997418,4.24714835918839,0.3946783783615688,224.24242424242422,C
48871034,0.10537203902839246,-0.022796680893758546,4.119434855389575,-0.020809722344610246,-0.010049142871492193,-0.5529087617281856,228.78662979679154,3.885855974514851,0.6583495798524834,224.24242424242422,C
48871093,0.10398809598613978,-0.023791675649087986,4.128878775525206,-0.024933052864851476,-0.015690561499664368,0.19926421920137755,228.191197059529,3.762619244033163,0.18615357307161262,224.24242424242422,C
48871151,0.10313063699285485,-0.02513465767422786,4.1187026826664,-0.020263133932350463,-0.02102268998368204,-0.16452125668083742,226.06823675716964,4.042144772923632,0.8139707721248012,221.21212121212122,C
48871218,0.10144035714140055,-0.026465035317940595,4.115199190114721,-0.020143952769989155,-0.02330834119770184,-0.1827765456270253,225.22049401029457,3.3695766536314062,0.6387961445419562,221.21212121212122,C
48871327,0.1004372384496979,-0.028050319076771975,4.114860191167264,-0.01584947734998597,-0.023108872684706492,-0.06424877399605751,225.13173754877087,3.29777013948074,0.6218461971689204,221.21212121212122,C
48871453,0.09910720123725705,-0.029835529541392507,4.111143069304412,-0.016018269721681046,-0.016674300051439928,-0.033655932000922525,225.11676272457586,3.4686514084282267,0.4359901040264102,221.21212121212122,C
48871506,0.0984792745959321,-0.030722825958457458,4.111966551978277,0.004364634920962374,-0.008859225759973425,-0.027468232382473902,225.37490137446528,3.685615924624364,0.477164237719693,221.21212121212122,C
48871549,0.09773535385458382,-0.03130402308150043,4.119168121936492,-0.026766111876335777,-0.01646354552658122,0.18141094124803459,224.1120609201418,3.5845042700626624,2.3457384682609397,218.1818181818182,C
48871697,0.09628629159168141,-0.03256042575097381,4.112158214307173,-0.012216730246048866,-0.011309964759496947,0.0015203481935906278,223.21047301271054,3.0334117440973833,1.9952430867949682,218.1818181818182,C
48871753,0.09416555753479512,-0.034746103010280645,4.067583564372563,-0.03145057369764804,-0.032244026287710816,-1.2281797302716038,221.22735178810817,2.812044196355184,0.23348940993479272,218.1818181818182,C
48871816,0.09278497633274572,-0.0366188864306201,4.040606303175704,-0.037510543096824424,-0.026297187546172558,-0.5093589108646474,223.06740302296342,3.30323237136652,1.5823524697787215,218.1818181818182,C
48871882,0.09141372132181841,-0.038576493527744206,4.000739156428104,-0.023521407602401574,-0.018218698171093485,-0.5401749654210545,220.1346127312272,2.9237032861533874,2.0593942935587046,215.15151515151513,C
48871947,0.08989112748348159,-0.03918204945776035,3.996584680581618,-0.030091172498033676,-0.004528147106005455,-0.059099124932264026,219.81250685753935,2.3938736201412123,2.2671180858829927,215.15151515151513,C
48872060,0.0872250318430547,-0.03972660728000652,3.990999619882122,-0.038328088655694446,-0.011486766664222119,-0.08926360146385498,219.46228561348417,1.764399341111321,2.5463711208577258,215.15151515151513,C
48872175,0.08354396116723022,-0.04173298166798964,3.965160789337846,-0.04881684730006754,-0.02384819062361158,-0.28607245013615296,215.64822101999522,1.2212273708936954,2.305781527889396,212.12121212121212,C
48872274,0.0809706951029728,-0.044630727213498735,3.9583606953332358,-0.01304599589624269,-0.016621595252827543,-0.0431946566099356,215.93565279219587,1.168654442863901,2.6457862281198343,212.12121212121212,C
48872352,0.07955557696087433,-0.046120780147303614,3.947093969598026,-0.01009473229834168,-0.006697181921593219,-0.10278134543858276,212.65104481070856,1.908453213900217,1.6516825058992552,209.0909090909091,C
48872430,0.0788483868596089,-0.04620823013457411,3.94225374245784,-0.0128278055353724,0.0022467430692805685,-0.09449851964642886,212.56864076237622,1.5840378085587088,1.8936938629084104,209.0909090909091,C
48872516,0.07722345818225804,-0.04690875088709401,3.939533926190823,-0.018149323523702573,-0.006105409427215876,-0.11212137499486712,211.85382958881917,0.7332358216506046,2.029684676259461,209.0909090909091,C
48872602,0.07533349999405145,-0.047643797100519664,3.928600243943801,-0.021334789751982157,-0.008111946581055105,-0.08299550540312424,212.1424189319977,0.475141052478017,2.5763687886105933,209.0909090909091,C
48872664,0.07274675160074927,-0.049402148288231695,3.919943060378961,-0.02262948316397863,-0.01986136540818708,-0.11644830330738642,213.9776879914384,1.8775509336765872,3.009227966852707,209.0909090909091,C
48872714,0.07157138852958496,-0.05067681431973715,3.9162608626152613,-0.016842317951398747,-0.026494454963767407,-0.04866895159467621,209.06008602684426,1.3976446263936069,1.601835339844599,206.06060606060606,C
48872857,0.0704971754633297,-0.051501873711311034,3.9191414907042654,-0.004519197945358045,-0.006464239506915501,0.03458007150548733,208.54213086447078,1.0237208684702275,1.4578039353944787,206.06060606060606,C
48872996,0.06907516177533772,-0.05243245236819727,3.9184687141924637,-0.012882125456749782,-0.003078507160775368,0.04685782045685137,208.70761247757972,1.155563655988919,1.4914427609847438,206.06060606060606,C
48873091,0.0669655502644472,-0.05383245753207744,3.915680879652668,-0.01830019573059099,-0.012433544809493673,-0.08482268163401531,209.79513780508992,2.103697256509425,1.6308344879744374,206.06060606060606,B
48873155,0.06487543863395949,-0.05559740758564137,3.913075375650801,-0.03601813753151152,-0.031230721687870906,-0.23951668798450454,204.78647618263722,1.6304177990306519,0.12575535330355683,203.030303030303,B
48873221,0.06232484817440155,-0.058615702384020286,3.9297783584871135,-0.05595677028939079,-0.05398481374071948,0.4603384380772431,205.5696502262304,1.8299534074165322,0.7093937885108673,203.030303030303,B
48873283,0.06036639642745218,-0.0622660068673231,3.924151774198795,-0.01949340507155206,-0.04917782645696025,-0.18235866804405432,202.82385756848944,0.7059697453736646,2.117887823115785,200.0,B
48873349,0.058908473860112914,-0.06366971567176485,3.9271305700442882,-0.022219388825582765,-0.017630643891689893,0.10565871255903644,203.1779486212947,0.9111210059042363,2.2668276153904534,200.0,B
48873481,0.05718489828883741,-0.06501216449395537,3.9337881882064734,-0.012160696898056869,-0.009259118166388537,0.0020534235487575806,203.20287682889295,1.8775214739252775,4.3556583852707,196.96969696969697,B
48873600,0.053052797611244006,-0.06862690183958803,3.9273394839221805,-0.04115511048637825,-0.030883750801155137,-0.14629377224839787,202.19200064425291,1.1890805034999103,4.033223171056025,196.96969696969697,B
48873713,0.04962893149878138,-0.07141502077338599,3.9219243381313627,-0.01595343229428516,-0.01585849274617081,-0.03315259300521536,200.22294869525712,0.6860771915023467,5.597477564360856,193.9393939393939,B
48873790,0.04834399832911541,-0.07323166063764337,3.9156382844502797,-0.00591732721059911,-0.0101906406810618,-0.04053906161937176,200.1113333864194,0.8887645667188263,5.2831748803066745,193.9393939393939,B
48873904,0.04803689643804186,-0.0738747004565091,3.9168854943443643,-0.00313107059970389,-0.005915064823081698,0.03185432917667142,200.4434674022775,1.1585380878726221,5.345535375010947,193.9393939393939,B
48873977,0.04619247202704508,-0.07532823130862153,3.9101442655435537,-0.019328846955131332,-0.017701226046119636,-0.08843936096200429,198.91471732627326,1.0686034227964514,6.93702299438589,190.9090909090909,B
48874057,0.0444715547008597,-0.07661837375565793,3.8989772749312475,-0.023154810420281505,-0.015091899397455432,-0.08546729868153989,197.422454521281,0.13469014841947774,6.378673463770604,190.9090909090909,B
48874105,0.04260950675338124,-0.07767871921658312,3.891700971768901,-0.03459125691627675,-0.023127494703419352,-0.15425258408375478,198.03494903644932,1.1109998217050983,6.014858305653326,190.9090909090909,B
48874149,0.041271340769819066,-0.07893290525319367,3.888117327315162,-0.02586086349876918,-0.031539261625152,-0.16413482025496468,197.05410870871268,1.3012547783323907,7.874066051592399,187.87878787878788,B
48874213,0.04007228479296017,-0.0793343631921479,3.8874677076104605,-0.018043769113544758,-0.003904535608549248,-0.01902731220083823,196.46568820448235,0.7453152593371226,7.84158506635734,187.87878787878788,B
48874343,0.039468655795146135,-0.07978440585525719,3.88509528945173,-0.004008116703892408,-0.0018106529940390599,-0.0056270506021383684,196.0149810840582,0.4132290468494896,7.722964158420845,187.87878787878788,B
48874432,0.03859855917118716,-0.08051179150937274,3.8832807436560652,-0.005949071567089264,-0.007950857266261123,-0.011730350133428427,195.84352877092,0.33250402349457325,7.632236868637531,187.87878787878788,B
48874528,0.03705539196057859,-0.08169388474447387,3.8807145111807015,-0.009922388931588852,-0.0121166395769786,-0.0976279888526038,196.61666459531796,1.233951471660691,7.503925244869388,187.87878787878788,C
48874596,0.03432335336219327,-0.08327685978052277,3.855659626900348,-0.04575653148604377,-0.028302397006720912,-0.6695121285465128,193.6989312399743,0.43259722097674624,8.417849170512723,184.84848484848484,C
48874654,0.03240829909878575,-0.08483793033274653,3.817449565765044,-0.03954294302721429,-0.02703050678590786,-0.6869832632836309,192.19657957114254,0.840748608910177,6.507346113747521,184.84848484848484,C
48874720,0.030231502869212536,-0.08589751904653622,3.7893236720690537,-0.03346913617139715,-0.028839147717365416,-0.42909520143151997,190.27939419800205,1.0443361808363825,7.416876198983897,181.81818181818178,C
48874783,0.028213933929865053,-0.08688586608164961,3.7578303294845665,-0.028710535484300092,-0.008253638817420784,-0.3966102312929527,187.8499049153474,0.18951402740603815,5.842209069759574,181.81818181818178,C
48874881,0.02497012719241139,-0.08819919809222067,3.7626281755601596,-0.03702927256039256,-0.027581438196642202,0.07341911933859058,188.5511548224444,1.1925972567054188,8.570678777860211,178.78787878787878,C
48874966,0.022222041028828153,-0.0893231641044861,3.751878063310217,-0.03135714017943988,-0.026691913608597993,-0.18367692960141288,187.3829393071149,0.5618873538729946,8.033173165363104,178.78787878787878,C
48875046,0.01951721670746569,-0.09082455321098132,3.7338484778786403,-0.030188358305511098,-0.024914386462095164,-0.2843723142839226,186.5951110549566,1.0180120683798932,9.81952322900096,175.75757575757575,C
48875129,0.017014747560359554,-0.09218585583375602,3.7252468591406833,-0.02876019632271945,-0.017500362572234283,-0.05728213694391903,185.639396483873,0.49237843419416816,9.389442292103098,175.75757575757575,C
48875211,0.014608519854188302,-0.09361989494757061,3.720489708594388,-0.035114482915336,-0.013500354684652265,0.045545984018074456,185.70871566056104,0.9133798860213079,12.068063047267001,172.72727272727272,C
48875286,0.013872410631241231,-0.09387590769837109,3.711201063126532,-0.008894829134013009,-0.0065205079628859255,-0.0897886720483654,184.85503492409376,0.5241314229468605,11.603630773874173,172.72727272727272,C
48875342,0.012959610819592267,-0.09444828867729163,3.7068102334415376,-0.020289543587452278,-0.007895014295797798,-0.007817149667954135,184.2642778292,0.1529158123027988,11.384089289624502,172.72727272727272,C
48875403,0.011534528918809945,-0.09487358883159334,3.7060766302482753,-0.027359027360601498,-0.004480188894426972,-0.15137759893961047,184.82905324166913,0.7543713844350565,11.347409129961356,172.72727272727272,C
48875465,0.009769849190621002,-0.09565727813108378,3.6988651387684213,-0.031741383219439756,-0.026746459354368833,0.16311849599235909,184.8291910639775,0.9683225027075292,14.163898864300275,169.6969696969697,C
48875564,0.007923176188889653,-0.0963228731046286,3.683453445563143,-0.032717634386449104,-0.007605886475579855,-0.3784684666702637,183.3805624990579,0.2902785980518079,13.393314204036413,169.6969696969697,C
48875684,0.005577198544280332,-0.09710063877751536,3.687156528636408,-0.024423827043148584,-0.0038767792994997417,0.013891813319434967,184.5913327935907,1.3158947389214117,13.578468357699613,169.6969696969697,C
48875814,0.004191993014701205,-0.09805578326145961,3.6804483693030896,-0.007387200504724347,-0.007160904861615928,-0.05806028122550424,184.21838198298045,0.8374774406217406,16.71423787569201,166.66666666666669,C
48875954,0.0025704936538064023,-0.09859643525680271,3.680966691663605,-0.01585926650498653,-0.008338919122017906,-0.03159113397667961,184.25076906587077,0.8439484054862708,16.7401539937178,166.66666666666669,G
48876017,0.00032641757060294214,-0.0996049217781835,3.6818192944999657,-0.02336941535682736,-0.010581048200748457,-0.12962761747156612,185.6352480933874,1.4175632956962412,20.581321161327534,163.63636363636363,G
48876071,-0.0021249362225453142,-0.10067194694724471,3.6387380335734734,-0.04036195503516912,-0.02087643495365209,-0.6661375988051013,183.53149507536318,1.4678733239966508,18.427258115002903,163.63636363636363,G
48876122,-0.004034765997671052,-0.10111233333702914,3.6115445658815077,-0.035299967112905326,-0.003439240665317822,-0.4658749129578504,183.72561879909222,1.8962923407524657,21.223265852279173,160.60606060606057,G
48876183,-0.005638460531794797,-0.10127034970073337,3.593859576975779,-0.025359928123818324,0.009032940222310755,-0.28772136074691745,182.54898967681874,1.603912663765455,20.3390164069927,160.60606060606057,G
48876251,-0.006854882859238407,-0.10106943554939227,3.578190148143694,-0.015386013661665714,-0.011773562318541993,-0.09590064186619648,181.6344973659232,1.4728917944741857,19.555544965388467,160.60606060606057,G
48876338,-0.007939763060688243,-0.10125120838102233,3.5624753213453157,-0.012196084098965878,0.0012123226246638897,-0.013451596544453194,181.10123583439432,1.725371602864215,18.769803625469546,160.60606060606057,G
48876407,-0.009215260745997829,-0.10218704765653877,3.5519668890190124,-0.02292352048049702,-0.020957657137411146,-0.19592491490511105,182.52194121165138,2.167485770363802,22.778697865530024,157.57575757575756,G
48876478,-0.0109923556366754,-0.10333268713632664,3.5402170949633915,-0.030815366275396303,-0.02392291148118377,-0.13302512691936932,182.35364283661843,2.5866770981118767,22.191208162748982,157.57575757575756,G
48876554,-0.012670923559830134,-0.10392773730789427,3.5249207091234913,-0.02582369835270336,-0.013349578404190956,-0.06137766993445192,182.02913580200575,3.0269893554942318,21.426388870753968,157.57575757575756,G
48876633,-0.014010158226115364,-0.10410918183328867,3.512392386947098,-0.01128228526748935,0.010926036451678221,-0.22590868004696685,183.47801903341963,3.212974099595283,25.719590388369813,154.54545454545453,G
48876707,-0.015831558110570385,-0.10481031285064991,3.491763721094369,-0.02586730227315472,-0.011164092286951635,-0.372951404066158,182.77739066494445,3.543779023756568,24.688157095733338,154.54545454545453,G
48876787,-0.016888646508823463,-0.1052637676409108,3.4929861896872123,-0.017684652045327307,-0.033145640967800885,-0.059936016466136256,183.15516631976524,3.8604312489351753,24.749280525375525,154.54545454545453,G
48876841,-0.01798265720164581,-0.10542562888417062,3.4782079400058366,-0.02131698579309039,-0.009563901907892384,-0.05907481424150443,182.65765801070373,4.101835423942444,24.010368041306755,154.54545454545453,G
48876885,-0.018967529962035427,-0.10599875701888811,3.4640435534552627,-0.020026869553883307,-0.02351536107804314,-0.5087643936325952,184.61966115888092,4.513181191585791,28.59132845214363,151.5151515151515,G
48877009,-0.020357067691249217,-0.10728519526721264,3.4626732614806706,-0.010650871035984392,-0.019567503617901053,-0.10225510941452126,185.23541108083893,5.197445712273399,28.522813853414032,151.5151515151515,G
48877110,-0.022356380897491954,-0.10769636618084734,3.4512894228743676,-0.01473480548647991,-0.0030683810151947736,0.06591524393228856,185.07960740730843,5.610833969058036,27.953621923098886,151.5151515151515,G
48877209,-0.02388515430711715,-0.10770182993854938,3.445043724460118,-0.009537374694194637,0.007030281074867522,-0.0776601394264753,185.04055160718065,5.8840630896427095,27.641337002386418,151.5151515151515,G
48877280,-0.02507552734372621,-0.10808009357173029,3.4303530052886875,-0.01007147640208722,-0.004533619340794166,-0.2724016929631985,187.2553692776429,6.250022372757292,32.52049842003713,148.48484848484847,G
48877374,-0.025816457243956644,-0.10802555380617256,3.4289715550207513,-0.010192722820007065,-0.010087960078229416,-0.0319343312574489,187.23678178326105,6.3005073917722605,32.45142590664032,148.48484848484847,E
48877420,-0.027606153283331197,-0.10877729634002097,3.407728475063587,-0.030956408895878043,-0.004692302846197734,-0.6610190516833732,186.79584491111868,6.921724517488097,31.389271908782106,148.48484848484847,E
48877489,-0.029629919650800522,-0.10952391409502091,3.3635596596655617,-0.02599714678903014,-0.006406339473365171,-0.5697345996105337,185.33084998365015,7.665170359920856,29.180831138880837,148.48484848484847,E
48877553,-0.03167965895046168,-0.10956809858142912,3.3166893017058987,-0.03247711673299832,-0.0049332149530167575,-1.0009544324589408,186.28037984099404,8.128033624900445,32.697800761548166,145.45454545454544,E
48877617,-0.03291977251182049,-0.10835264343214077,3.266128315763938,-0.01830791289265499,0.02068623836228614,-0.4427426072664022,183.41972888214727,7.7954319631517075,30.169751464450112,145.45454545454544,E
48877753,-0.034643265639298836,-0.10790940867538319,3.250050155892922,-0.010833562711992081,0.008095582108457868,-0.12386553802563659,182.82436145276137,8.003972527316627,29.36584347089931,145.45454545454544,E
48877830,-0.038895451735512926,-0.10596778978107123,3.233069232960406,-0.04358654370006988,0.014041995301956548,-0.0644081165641743,185.213890697071,8.272839919014249,34.51680835381434,142.4242424242424,E
48877888,-0.04105359624464829,-0.10564411650188929,3.2277972091981226,-0.046845828521856016,0.006176703624396197,-0.14469292635496994,185.47322162200157,8.795772032058988,34.253207165700175,142.4242424242424,E
48878016,-0.04247609519295004,-0.10566018848005652,3.2225208088748585,-0.008585688377928618,-2.199063149423404e-06,-0.016005918941980706,185.69143646455402,9.277806890774643,33.989387149536974,142.4242424242424,E
48878134,-0.04396649110959009,-0.10514997250505662,3.2201644314603604,-0.011145312211533082,0.010549650078691498,-0.03725234620738992,188.7652761085864,9.486083689206488,39.8852530254405,139.3939393939394,E
48878213,-0.04606711952074747,-0.10390969219579065,3.2154176295357493,-0.026407893937652804,0.01833359883671078,-0.07630138783696132,188.72935385305095,9.687501529901587,39.647912929209944,139.3939393939394,E
48878259,-0.047919856430643094,-0.10291159723930697,3.2201507486026193,-0.04188084560553627,0.02008135615859112,0.05865524284456233,189.2957426256786,10.01723434918573,39.88456888255346,139.3939393939394,E
48878325,-0.049705934542125546,-0.10258980649646478,3.2197857749158127,-0.026290437092729053,0.0007999588998469441,0.043480673763334955,192.62901090347367,10.499442019666086,45.76593252017124,136.36363636363635,E
48878392,-0.050995188782578055,-0.1022856440712401,3.2223419198755328,-0.01931439195775822,0.0010308193221202364,0.055682216823955716,193.09818138871134,10.840805256917736,45.893739768157246,136.36363636363635,E
48878456,-0.052171224291210336,-0.10254469885965369,3.229026110862236,-0.016313432677777503,-0.0014279393825759926,0.07306030656165577,193.94873432303893,11.357148641910191,46.2279493174924,136.36363636363635,E
48878590,-0.05287399646588482,-0.10218224781690753,3.234259790172329,-0.004442771633459583,0.0018131626474737115,0.016115401780236384,194.35246587581992,11.499196229186522,46.48963328299706,136.36363636363635,E
48878694,-0.05439573708754066,-0.10128366666099727,3.2404373458251343,-0.018620297496157394,0.0076993492794222,-0.022013379590938967,194.97431465080908,11.812167221535397,46.79851106563733,136.36363636363635,E
48878795,-0.056090470102985464,-0.10039544079146873,3.248217577300917,-0.0208114898829726,0.0060926573040653706,0.035024494349196675,198.3997682150965,12.20571014201323,52.86072473974994,133.33333333333331,E
48878840,-0.05735244939567237,-0.09990605100627738,3.2521970357911427,-0.024649781422340044,0.011670577494060069,0.144968465353336,198.91966269299382,12.526631695399299,53.05969766426123,133.33333333333331,E
48878888,-0.05960233573250928,-0.09974885415404201,3.218902810502919,-0.05911629764487884,0.014449969939141839,-1.1772302065725553,198.10028293464427,13.371963201460895,51.39498639985004,133.33333333333331,E
48878956,-0.061929124055091246,-0.09932258011714382,3.168769832154134,-0.02869409612238666,0.012630672435957203,-1.011254813165248,196.4378911473308,14.21622033158668,48.8883374824108,133.33333333333331,E
48879021,-0.062479125800934655,-0.09776630916623233,3.1194898491775254,-0.012787180022216526,0.020980585664641158,-0.48248088265873224,193.81248488886678,14.054813221953102,46.42433833358035,133.33333333333331,E
48879088,-0.0639611372985581,-0.09678009234670046,3.098123669894739,-0.016186238633833654,0.03575468916444395,-0.36391458468381754,195.41950039862058,14.398117950019076,50.71835214557123,130.30303030303028,E
48879156,-0.0657297054978184,-0.09500274723979564,3.0790949226465796,-0.03523346514111529,0.022090970187341755,-0.22112164170382684,194.75564738768935,14.685702301495821,49.766914783163266,130.30303030303028,E
48879229,-0.06770990298678925,-0.09277061156110294,3.0756376903659692,-0.030910751893298866,0.02474279018219403,-0.007280561521054488,194.9730774341798,15.075993962016751,49.594053169132756,130.30303030303028,E
48879298,-0.07028727663497675,-0.09163271317077018,3.062918510706617,-0.03609719799967039,0.010029775327948359,-0.16260469288174795,197.1906153622969,15.960173157993925,53.95771493157574,127.27272727272727,E
48879364,-0.0716330882844393,-0.09010648063581106,3.0505677896961636,-0.016329760411649477,0.02284800511792388,-0.2143304151791384,196.8482235048175,16.23531735103714,53.34017888105309,127.27272727272727,E
48879427,-0.07282420462068095,-0.0898390746986484,3.0446867153876154,-0.012870123815054903,0.006418408149700256,-0.08038309263817435,197.04795344823563,16.729101009882683,53.04612516562568,127.27272727272727,E
48879494,-0.07293191250107894,-0.08869573676911502,3.045029754367952,0.0009506912805945436,0.019626014775979566,-0.06222852577154402,196.90294023320388,16.566935845834102,53.0632771146425,127.27272727272727,E
48879639,-0.07379384532867626,-0.08767165164919266,3.0427610495087793,-0.005916422297621929,0.00885251140269415,-0.04639649320577709,197.02204224479334,16.799473100382208,52.94984187168388,127.27272727272727,E
48879687,-0.07635216700757803,-0.08406137224134859,3.0286101731068706,-0.017267893800642555,0.0462716874312282,-0.08031984583256394,198.44639393530116,17.34615865765615,56.85781103522077,124.24242424242425,E
48879752,-0.07837527981845939,-0.0834922181957994,3.022748623836693,-0.030103984779779398,0.0062650699717705675,-0.10091628063935508,199.02796356041165,18.220805746275506,56.5647335717119,124.24242424242425,E
48879882,-0.0800481883004668,-0.08270357028829489,3.0302023133084495,-0.01512338871437131,-0.002179620897694181,0.03360186042094911,200.0952728862248,18.91543059850083,56.93741804529972,124.24242424242425,E
48879988,-0.08131507722296064,-0.0814053702444974,3.026736420098054,0.0015852408514949196,0.014700856813311396,0.003356892547182745,200.3801562257802,19.373608598576013,56.76412338477995,124.24242424242425,E
48880050,-0.08226786789416336,-0.08012879275296424,3.025244326129597,-0.0006274300799308558,0.023000522832199694,-0.12208721761831241,201.77045414639235,19.634817650239924,60.92351528403124,121.21212121212119,E
48880103,-0.082870592196167,-0.07919452896913481,3.034545730351123,-0.010680090931395885,0.020783711396768136,0.240830191302925,202.3913324208571,19.790625713628362,61.38858549510754,121.21212121212119,E
48880162,-0.08415230067728861,-0.07826003355705498,3.0308017313328968,-0.011309567498114334,0.023986026817676795,-0.3365355263771712,202.70340043137048,20.289893675053076,61.20138554419622,121.21212121212119,E
48880229,-0.08544264260478097,-0.0771833240305505,3.0304920373597195,-0.013968233820040614,0.01737897210114762,-0.07902188095356247,203.19458351420855,20.796561456549984,61.18590084553737,121.21212121212119,E
48880303,-0.08794112280409269,-0.07645941175588539,3.009744539073265,-0.03673146046970118,0.013511569569159504,-0.4646595333934186,203.31100488806146,21.950357744725636,60.14852593121465,121.21212121212119,E
48880361,-0.08971858612414232,-0.07498521105950588,2.9759446868414465,-0.03277507490095382,0.03203716854397846,-0.5023544951893071,202.3773343140316,22.706679782286702,58.45853331962372,121.21212121212119,E
48880425,-0.09111451019968296,-0.07351745017749846,2.9106220116857444,-0.006456261890174584,0.03316085337509899,-1.021166129492101,200.4662691218358,23.220607450772963,59.06384348924466,118.18181818181817,E
48880490,-0.0926285741393231,-0.07251096433664184,2.8799339529113426,-0.023825520413219666,0.016084002203619694,-0.15575698179483982,199.5749843220505,23.863725589707787,57.52944055052457,118.18181818181817,E
48880627,-0.09334975749584157,-0.07026662553767501,2.8491871452788438,-0.005500962350054045,0.01493697243288843,-0.24421664336445603,198.21452595367634,24.040607602958556,55.992100168899626,118.18181818181817,E
48880748,-0.09633336222419392,-0.06545213549518708,2.8189164986074196,-0.025694995071231887,0.03654470922182153,-0.49228864252578697,198.3939198059022,25.226446127967783,58.015958526419276,115.15151515151513,E
48880861,-0.09882078577467122,-0.06264165503125767,2.8108880673088055,-0.014190258335631166,0.01381650657557308,-0.05045878959686123,199.08581203051992,26.319759917516205,57.61453696148858,115.15151515151513,E
48880974,-0.09961203809026602,-0.060121276868908585,2.801644902536757,0.007135347012518171,0.028369096562415857,0.06735622099263477,198.95699809132174,26.653104216920443,57.152378722886155,115.15151515151513,E
48881078,-0.10069039536086916,-0.05788622710381498,2.7958911846648284,-0.011329287744584474,0.018221976633970478,0.028901784610507582,199.34905403128414,27.126978498266357,60.10086341180569,112.12121212121211,E
48881163,-0.10152025481021212,-0.05455449467651512,2.7741431709681867,-4.2017666319251817e-05,0.036542370111628836,0.006028740212685012,198.5950519588152,27.460377110629477,59.01346272697361,112.12121212121211,E
48881251,-0.10411496586952942,-0.05184267587333599,2.7641602429383356,-0.02501826001063841,0.04288002254632635,-0.04946228397491536,199.40184640524325,28.766317958550076,58.514316325481055,112.12121212121211,E
48881291,-0.10499637537977252,-0.05033172818166688,2.7649645348146583,-0.01970688255949298,0.03972679265072899,-0.15446238298294213,199.8488206644738,29.234768749789588,61.52314282377516,109.09090909090907,E
48881353,-0.10543797667757734,-0.04898449154346345,2.7627526881379927,-0.010324991885374214,0.01785221593004992,-0.15393757133133856,199.941234963145,29.437775382294053,61.41255048994188,109.09090909090907,E
48881421,-0.10589498120238752,-0.04789583996129969,2.7555195913191697,0.02237160523106375,0.028599511052409453,-0.6828469923942916,199.80508520733332,29.663280467423533,61.05089564900072,109.09090909090907,E
48881503,-0.1064016147066742,-0.04670193861042946,2.7625588104686685,0.012089469527506287,0.019435714653327475,-0.09083074881410212,200.4185140372652,29.92474833988045,61.402856606475666,109.09090909090907,E
48881582,-0.1069434313238274,-0.04538523647947828,2.762745013781554,0.001279940498867831,0.021245320570471227,-0.14499352740623575,200.72124327211884,30.21816740908984,61.41216677211994,109.09090909090907,E
48881658,-0.10752505390386291,-0.04388950171569152,2.7572739750457336,0.020420778183101587,0.03008223151295962,-0.15612672822607776,200.78081705899532,30.55129313275733,61.13861483532892,109.09090909090907,E
48881714,-0.10986908622035384,-0.04256918555089834,2.7329984480915677,-0.017797799094619225,0.025373946103348977,-0.7707252575346758,200.7871638745072,31.771416295977502,59.924838487620626,109.09090909090907,E
48881765,-0.11163765165624787,-0.04054586536045282,2.704043469757356,-0.05220070756188918,0.03549459601502653,-0.5157633882895721,200.00158461350418,32.73045959437519,61.210518958522954,106.06060606060605,E
48881825,-0.11307440662212608,-0.03877519104391055,2.6312705825678835,-0.04095618846340639,0.022476310873384468,-1.6884102661117264,197.11782406632778,33.485343406672385,57.57187459904933,106.06060606060605,E
48881887,-0.11359965658099343,-0.0369474267820441,2.597161004225129,-0.003519142343670737,0.03136785553900071,-0.4087567863928069,195.73655572707975,33.80955398456208,55.866395681911605,106.06060606060605,E
48882032,-0.11436377226517763,-0.0347799900737531,2.5723935090502623,-0.0011724314365988647,0.014985963272204207,-0.18109519824777234,194.98309842422753,34.294471440453236,54.62802092316827,106.06060606060605,E
48882143,-0.11610227721913488,-0.029275083018674083,2.5499970938491097,-0.020031922102501754,0.049153767572537796,-0.073127705527895,194.54803023088238,35.48130300661497,56.036424193964365,103.03030303030303,E
48882197,-0.11765838627041171,-0.025755707470854403,2.5249112252580472,-0.002150422476961161,0.03827861981356912,-0.266385097815715,194.28687439170648,36.474440596992196,54.78213076441124,103.03030303030303,E
48882263,-0.11889642757891351,-0.024324515182986638,2.5138459552026813,-0.01754351691669215,0.022817462972317105,-0.06816196468828221,194.4569899584129,37.19781966646691,54.22886726164295,103.03030303030303,E
48882329,-0.1188215664339733,-0.0230238416750033,2.5042908155601076,9.366440306969874e-05,0.02191341653005901,-0.1480863928463924,194.05500068139972,37.27358737158242,53.75111027951426,103.03030303030303,E
48882392,-0.11896516786719029,-0.021419615490690214,2.4985503189106435,0.00441161656423765,0.0327770403740736,-0.06366021595023509,193.99237864089264,37.49799016354854,53.46408544704106,103.03030303030303,E
48882465,-0.11899600357573768,-0.019331092933410444,2.489714970942277,-0.00693131540004374,0.03128432380004068,-0.0016757946772963954,193.0355622101307,37.663106758096866,55.37245545203386,99.99999999999997,E
48882534,-0.1189570479835513,-0.016854846932722704,2.4798614581096277,-0.0026943116132911666,0.03142373023886085,-0.09311866047523529,192.72751180798366,37.8477319975823,54.879779810401395,99.99999999999997,E
48882623,-0.12084951197866833,-0.013660919150361946,2.4680476072784465,-0.03469195305557652,0.03151569492571304,-0.18483774274214335,193.38095645753614,39.09186918869384,54.28908726884234,99.99999999999997,E
48882774,-0.1213820301811243,-0.011118509149250597,2.4641157357559016,0.0006481120303614124,0.018610223853487717,-0.06218073897811663,193.73622274786408,39.643729055148995,54.092493692715095,99.99999999999997,E
48882896,-0.12132734698268648,-0.009165271776399662,2.461054765689088,0.003019951616076985,0.023032622511110337,-0.004332458769756455,192.90788544399967,39.80249615252743,56.13569232177529,96.96969696969695,E
48883035,-0.12141526599432886,-0.006218264114271509,2.4576481022932937,-0.0031131891058869543,0.024559135888827792,-0.03236667657799745,193.08704065988076,40.15198453819821,55.965359151985574,96.96969696969695,E
48883121,-0.12253033079221282,-0.0025974846460514005,2.4530838146261247,-0.009459915279257066,0.029455927613990476,-0.0566328733392047,193.84278512727354,41.13594338894944,55.737144768627125,96.96969696969695,E
48883162,-0.12380862787968801,-0.00014631676715976224,2.414491923735452,-0.041107513251530926,0.05692273325019526,-1.0876906662215307,192.8654881746649,42.08824098087445,53.80755022409349,96.96969696969695,E
48883226,-0.1245820434031772,0.0023863454010861996,2.370684824799392,-0.00950110515785773,0.0425374132355398,-0.7781900555934648,190.37368980457074,42.75331419373127,53.68098167144556,93.93939393939391,E
48883290,-0.12507835165909725,0.0044514767376685384,2.2970754577924026,0.003058526796263996,0.030335343484865506,-1.0288626992025476,187.19057647814068,43.250669217650696,50.000513321096086,93.93939393939391,E
48883355,-0.1250507331567399,0.006652987113230113,2.2712322420799085,-0.0004165437171172654,0.035279338845059495,-0.25573855588192407,186.18371306983542,43.535966594970134,48.70835253547138,93.93939393939391,E
48883475,-0.12472768225747036,0.009265577888428408,2.2423248027522984,0.007362241990064257,0.03951082401169135,-0.4155935530005627,184.97238265999837,43.7700081515136,47.26298056909087,93.93939393939391,E
48883596,-0.1247572641526178,0.013802154352227335,2.2261561185612226,-0.0023669820909690696,0.02496504951982987,0.01655032967561506,183.74297725889406,44.42908827608016,48.40479807372301,90.90909090909089,E
48883726,-0.1259103141834873,0.01865217952228504,2.189060632503739,-0.003777680399927819,0.032648386971677795,-0.3219951066954999,183.1836053835146,45.72449070357487,46.55002377084884,90.90909090909089,E
48883851,-0.12638232583760053,0.02124218466221628,2.1771987554285843,-0.0007237319742519812,0.018267517451592906,-0.07794392715972413,183.25504411876312,46.38902329258115,45.956929917091095,90.90909090909089,E
48883967,-0.12512527950581784,0.024983444056869048,2.1533917623239818,-0.0019212450455711747,0.03864238800602308,-0.0038370871800837963,180.88195040518409,46.38313828803278,46.62002423836345,87.87878787878785,E
48884048,-0.12473699499319803,0.02859968196691906,2.1308510076731855,0.0015574218427838078,0.05170246546225799,-0.35060608188909625,180.18960312220906,46.81782873759759,45.49298650582364,87.87878787878785,E
48884096,-0.1253768333567407,0.03086131485126263,2.1271736115362385,-0.021101410646139688,0.04689119760228627,0.21238578506017372,180.71963614850281,47.53173157073868,45.30911669897628,87.87878787878785,E
48884161,-0.12558939637114566,0.03266447618585554,2.1273145661850723,-0.0015419317899338229,0.026430333375635127,-0.14504347990893085,181.17197889654096,47.97702658633515,45.31616443141797,87.87878787878785,E
48884307,-0.12500280721721205,0.03443112259379053,2.125028934703348,0.005977092362886813,0.013255637345755529,-0.0007617046012348614,179.81987956745178,47.99803988925739,46.973354829709564,84.84848484848483,E
48884451,-0.12434140587107982,0.03640181710288268,2.1126661586208733,0.01026686365946714,0.019255500781194614,-0.02122106131619848,179.23955860444954,48.03585773037888,46.35521602558584,84.84848484848483,E
48884519,-0.12407719885153047,0.040371125988393326,2.10749787052608,0.0024767996865831697,0.027579034226635418,0.027536630651340887,179.61458911082792,48.669302641496934,46.09680162084617,84.84848484848483,E
48884594,-0.12398956199776501,0.044335903526136346,2.0546478772386507,-0.011651058639269322,0.05389944042278869,-0.8432568356246768,176.39875799600134,49.4235374790028,45.157038698816734,81.81818181818181,E
48884660,-0.1235962594082233,0.04668527994572335,2.0375149523525753,0.004157865419397666,0.033094413871050936,-0.07649149730557832,175.80221044783397,49.6836361751392,44.30039245451295,81.81818181818181,E
48884723,-0.1238752422543422,0.048684564005737604,1.932132488594862,0.015081106592683536,0.026962905975422728,-0.26776415011984167,171.05638006898562,50.2069289841765,39.03126926662729,81.81818181818181,E
48884793,-0.1229781770540822,0.05096307425649554,1.9143807333110885,0.00683332356841723,0.03486682265074088,-0.1942265767274979,170.23257847142855,50.27071515080814,38.1436815024386,81.81818181818181,E
48884859,-0.12121065172329176,0.053177551116323635,1.8817566684976361,0.02288081725402633,0.028687761394376624,-0.20815563776009377,168.29152518931897,49.96086510937116,36.512478261765985,81.81818181818181,E
48884925,-0.12018908695139734,0.05613361592637202,1.8781284717680398,0.0452683738596291,0.034641912539113834,-0.6085477687036351,166.86570502441128,50.1008501943609,37.97697604217163,78.78787878787877,E
48885079,-0.12039742444675477,0.060597465054469155,1.8554783593925412,0.005837159713873399,0.030163424645046417,-0.08820490229405596,166.7866925597108,51.154343348435326,36.84447042339671,78.78787878787877,E
48885211,-0.12058776722046183,0.06384852215123031,1.835860063434532,-0.0026153201672749616,0.018113399234265016,-0.045058435479503646,166.6371100718216,51.98567565844662,35.86355562549623,78.78787878787877,E
48885302,-0.11868656296470058,0.06525745660682276,1.8086594518720136,0.011011959271031112,0.015172594165123593,-0.18307571630868522,163.32460866259305,51.46361164716317,36.10342125785414,75.75757575757575,E
48885387,-0.11725121150356065,0.06836167378971855,1.797237524676688,0.043116037600873194,0.0358649703375573,-0.441848867787036,162.79275027418154,51.50284961851794,35.53232489808785,75.75757575757575,E
48885470,-0.11686898494763799,0.07081018602178062,1.7884948704567927,-0.004372714819281014,0.03704425628575819,-0.07175283115964416,162.7561515867779,51.90338364210904,35.09519218709308,75.75757575757575,E
48885558,-0.11592781464837337,0.07347391141554152,1.7787595599839587,0.005423229001416472,0.042373371987750194,-0.053336067741113206,162.5071082633114,52.141105842284276,34.6084266634514,75.75757575757575,E
48885653,-0.11623647914077945,0.07510928526238961,1.772248779084719,-0.0024769216053859735,0.017209559864067227,-0.03143617894002185,162.7269115216426,52.68644814557744,34.282887618489404,75.75757575757575,E
48885709,-0.115379505821369,0.07629276304925545,1.7683488875473619,0.003511774335267142,0.01635320602336217,-0.11881487930764274,160.95674988800022,52.5777523325061,35.65172482822142,72.72727272727269,E
48885760,-0.11442649836888717,0.07708858854741069,1.76436553503127,0.024874177879160096,0.017088108100879015,-0.033300660738194515,160.51978020568072,52.33995027599119,35.45255720241683,72.72727272727269,E
48885826,-0.1137143054702842,0.07851384849075435,1.7598474057344633,0.018594604973919307,0.018326097606337063,-0.4157458098986503,160.3190481166289,52.36512465177971,35.22665073757649,72.72727272727269,E
48885971,-0.11257700884219728,0.08126127076927149,1.76183096673015,0.0047358319359700135,0.021689363333240144,0.04391155060543906,160.6024247197438,52.54932320511029,35.32582878736082,72.72727272727269,E
48886025,-0.11183351167554831,0.08507814308261645,1.7098335405110476,0.014913778519602823,0.07514319557962944,-1.210773549601637,158.6795439204144,53.22631371673599,32.72595747640572,72.72727272727269,E
48886092,-0.1110717706515645,0.08753979500243281,1.6620408586228872,0.026075144903638364,0.023700100445296468,-0.8832684171806509,155.06482282904963,53.494490009975415,31.873363122104546,69.69696969696967,E
48886159,-0.10954345206077966,0.08872435136479939,1.5915068898486073,0.036529646133010255,0.007138472752551581,-0.8585585821926374,151.17463536922645,53.13100098886621,28.346664683390554,69.69696969696967,E
48886274,-0.10824807234466689,0.09099394197367469,1.5881828646930276,0.0336467296007983,0.02308731750031243,-1.0001638620829076,151.04510829316928,53.167675170588055,28.180463425611567,69.69696969696967,E
48886412,-0.10467421689282115,0.09385812252829262,1.5515828054512864,0.04393722321954127,0.02134965018630475,-0.1055806757160518,146.98371412091254,52.44756299216587,27.869484462080013,66.66666666666666,E
48886488,-0.10221766121039444,0.09961309915533702,1.5097761659904778,0.010356306525086671,0.024258415599025283,-0.11699557453362941,145.37169986316385,52.92588070745762,25.779152489039582,66.66666666666666,E
48886530,-0.10157985386596764,0.10138953363957852,1.4928075831337828,0.0002648941898133783,0.046405302184432666,-0.5007512600596904,144.75687445779516,53.15948444492367,24.93072334620483,66.66666666666666,E
48886590,-0.10081624525655984,0.10205211766457702,1.4859510892390513,0.009298012692090747,0.010359979381273043,-0.2387412997006747,144.28993878278294,53.03537346464801,24.58789865146827,66.66666666666666,E
48886675,-0.09994189607894503,0.10270403947359252,1.4770372450357323,0.013777185549610086,0.008809163268932297,-0.07324013183948119,143.67657304279126,52.86769993482229,24.142206441302314,66.66666666666666,E
48886796,-0.09865285405154675,0.10365565979822786,1.463193934316497,0.01575347889727077,0.005578787582391606,-0.1983432028970315,141.18883136176902,52.592973179792786,24.959494545612635,63.63636363636361,E
48886904,-0.09573246833966677,0.10719429456348226,1.456391897456695,0.02801487920693902,0.025253766770006097,-0.10185409819939885,140.61056862422635,52.35481228524019,24.619392702622537,63.63636363636361,E
48886945,-0.09485468133923125,0.10931582982594275,1.4426509906793934,0.03707533602718249,0.026667622063999717,-0.08304365423645604,140.18087606253056,52.612165062409495,23.93234736375744,63.63636363636361,E
48886988,-0.09438221076875378,0.11111234869474229,1.4421602345087152,-0.0026144387363918565,0.06873344277340228,-0.1161790543043966,140.50090669307954,52.95673350149239,23.90780955522354,63.63636363636361,E
48887155,-0.09369567858149508,0.1119147619817953,1.4341912412583804,0.006294584687157388,0.002849553550357604,-0.04591051233971065,140.0721875782355,52.9264640491651,23.509359892706787,63.63636363636361,E
48887232,-0.09157439679813144,0.11371723770465621,1.4270084777909087,0.013527402242613649,0.02989067058049754,-0.14552900206207056,137.8288943998404,52.56445828802365,24.658375505756158,60.606060606060595,E
48887327,-0.0896493208995888,0.11551845007506688,1.4262739165649763,0.02032063159985633,0.01669573501704493,0.018912675423159185,137.5330667712058,52.30535872068566,24.621647444459548,60.606060606060595,E
48887393,-0.08846469381239139,0.11749281253427056,1.4038889597929598,0.025181159693096804,0.02444471374957295,-0.5644745693461176,136.5329144603317,52.424454248412374,23.502399605858727,60.606060606060595,E
48887464,-0.087449583058762,0.1203259646102158,1.362839563444497,0.01564183810368296,0.040183881041842506,-0.5600232418447203,134.9602288551486,52.90423846065242,21.449929788435583,60.606060606060595,E
48887527,-0.08577929051363899,0.12194961409328005,1.2937672188785112,0.012989557489664245,0.0403933273098273,-1.32418831363353,129.80752126082808,52.720350389861956,19.511413295208566,57.57575757575755,E
48887592,-0.08430960064048539,0.12300769091038241,1.2551858059084597,0.028233528484440426,0.0072382445087927905,-0.2867365917801632,127.6048044494192,52.44670422695565,17.58234264670601,57.57575757575755,E
48887661,-0.08252267953863206,0.12428362414684632,1.2293102361609134,0.032582845290133146,0.015303401832054257,-0.20389439357905323,125.99430556565646,52.129983830570204,16.288564159328704,57.57575757575755,E
48887727,-0.08003789009370298,0.1251746596800144,1.2094611797094794,0.03882449389961667,0.013209786328511266,-0.48908900100399233,124.31477825594169,51.44290934342714,15.296111336756999,57.57575757575755,E
48887792,-0.07757145707517654,0.12688314375667886,1.202885855561053,0.035527767224639684,0.026130249419767406,-0.22044494530264533,123.59891079083717,51.05580808574394,14.967345129335675,57.57575757575755,E
48887877,-0.0755350031169875,0.1291062215575035,1.1888438728465485,0.024865827345336444,0.03610710097976327,0.061835760930180735,121.27764124007496,50.93651940197035,15.79566729265007,54.54545454545453,E
48887953,-0.0739029546541299,0.13063026744036632,1.1671929890179873,0.023998147325187152,0.020609712906165416,-0.24932857857085947,120.04424945429783,50.78567180762126,14.713123101222028,54.54545454545453,E
48888020,-0.07310694077629448,0.13185964409911807,1.1616771798726002,0.03326216919553255,-0.017072225533388868,-0.16503484303401444,119.86157585811183,50.87878866870462,14.437332643952677,54.54545454545453,E
48888098,-0.07255493186777862,0.13303816193919543,1.151925926450362,-0.0062900361716618745,0.03501762709128553,-0.16848966569728663,119.55218344650662,51.05695892821131,13.949769972840778,54.54545454545453,E
48888168,-0.07092332941707599,0.13364601500080556,1.1705407018209606,0.009307156553615397,0.03822741863847718,0.7508020641737325,120.07698809272804,50.651024805902814,14.880508741370694,54.54545454545453,E
48888248,-0.06766199051806332,0.13470859681674832,1.1286073036079685,0.051370900048037293,0.031077630961362988,-0.2756818859218289,115.61775216408023,49.76436547692156,14.338235172007202,51.51515151515148,E
48888334,-0.0652613623028544,0.13545512602591933,1.1255656034291885,0.02843266062819401,0.015730406962735907,0.2010004985628138,114.78972557610012,49.08842389788044,14.186150163068195,51.51515151515148,E
48888415,-0.0635377020215156,0.1386697313646627,1.1213238812509,0.03223711955098317,0.03178680430867064,-0.17788678965869925,115.00786392422653,49.518648354921254,13.974064054153793,51.51515151515148,E
48888475,-0.0624710775513651,0.13969469459440018,1.1208588031896016,0.017921017688707425,0.01599126948939143,0.4232597716049024,114.94794462210311,49.481982955862804,13.950810151088833,51.51515151515148,E
48888523,-0.06151362547660635,0.13999665566490926,1.0992478443966553,0.03250414659210036,-0.015029694962129745,-0.39608992329884196,113.6277785304938,49.24236480390079,12.870262211441538,51.51515151515148,E
48888598,-0.06047655050302445,0.1400947210618126,1.0935512959663647,0.010769162829637167,0.009048636788002135,-0.29341510083360994,113.00727216429897,48.9066858592205,12.585434789926989,51.51515151515148,E
48888669,-0.05949430231831537,0.1410980858371171,1.1100537408218694,0.010983585223023075,0.01658254087993774,0.0012727992564661812,112.3547424584418,48.87186840253659,14.998025571056752,48.48484848484846,E
48888739,-0.05767759088163799,0.1409200721908029,1.0846760769953891,0.020424620952823234,0.006484755079890635,-0.5119052209480959,110.34628339542253,48.132292530841326,13.729142379732744,48.48484848484846,E
48888807,-0.05673452849737329,0.14335299583284056,1.0903352589989177,0.010226470269709707,0.03960934973826691,-0.5044205819818434,111.10360873977194,48.6066587750143,14.012101479909173,48.48484848484846,E
48888874,-0.054420527326352525,0.14424810488918255,1.0568080049240536,0.029635079884599926,0.0264374928304145,-0.7226992683989547,108.90373660198881,48.08314934097439,12.335738776165957,48.48484848484846,E
48888927,-0.052392187034991024,0.14595871201914057,0.9890503773107215,0.051262672728913605,-0.007887247393940143,-1.616641116464605,105.41155616065801,47.97885028031018,8.947857395499364,48.48484848484846,E
48888995,-0.05107325705591202,0.14731196055848703,0.938531246321024,0.019379365453116006,0.01641418983602169,-0.5496323418903737,101.49003821075127,47.98333749790115,8.05215525830467,45.454545454545446,E
48889060,-0.048792052618963785,0.14700547495537392,0.9078462839458901,0.03890477793369382,-0.016517916216728545,-0.7199155215005042,99.02027430745085,47.047821713357465,6.517907139547936,45.454545454545446,E
48889128,-0.04636182984307172,0.14775499337671255,0.8892241708350647,0.04204997202043101,-0.008817540083199703,-0.43392030302774887,97.4824588183508,46.44111187979871,5.58680148400664,45.454545454545446,E
48889245,-0.04377062849676637,0.1486716830954907,0.8809623036403609,0.026073448647126303,0.005925877808689342,-0.12080206397977118,96.49517331518499,45.86691973636805,5.173708124271488,45.454545454545446,E
48889366,-0.04010281704385853,0.15024747734076876,0.8630263311849504,0.02071630869431981,0.00029338808980930025,-0.1576832979032854,93.58584046222308,45.201127921949656,5.960470116031012,42.4242424242424,E
48889480,-0.03748451635472866,0.1522904318617555,0.8330377415110579,0.020522267091259455,0.004817016250109587,-0.15031783600679077,91.89534729278216,45.01006423620333,4.461040632336434,42.4242424242424,E
48889579,-0.0353393787334897,0.15246922727629028,0.8164850173983935,0.016025057596056606,-0.007250870225571701,-0.21779770442418733,90.40187186085181,44.34422500990631,3.633404426703101,42.4242424242424,E
48889643,-0.032104817003542105,0.15270848728731234,0.8077858908928385,0.03433854055314395,0.008183474693959514,-0.08593553198033933,88.9826163265927,43.35992580092476,3.1984481014255413,42.4242424242424,E
48889708,-0.029826148096805137,0.15334705345265393,0.80243222086667,0.030809014523110564,0.02952746909351844,0.09047277688647613,88.22642835794687,42.87142133358748,2.9307646001169867,42.4242424242424,E
48889763,-0.027934701781801758,0.15456026325830513,0.7929182874038255,0.028286833624040313,0.009124631198834684,-0.10127267023395946,86.26545027357867,42.66803869079335,4.203472188845935,39.393939393939384,E
48889827,-0.026318392211173176,0.1552913982294933,0.7859049978680557,0.022905810976038866,0.01759008171047091,0.041558730437644784,85.64533334536023,42.398586239363375,3.8528077120574684,39.393939393939384,E
48889897,-0.02510157146749157,0.15618510250495818,0.7853143961691466,0.018845607414425702,0.0009744010954038114,-0.04411973494901112,85.55460547179493,42.33738845074352,3.8232776271120326,39.393939393939384,E
48889988,-0.023887768493616995,0.15660722603819732,0.7836900226212483,0.01442344340102385,0.002409213758121988,0.09137611238430139,85.24464626871881,42.108647925062336,3.742058949717089,39.393939393939384,E
48890064,-0.022658905522053234,0.1570256717201783,0.7820085573820468,0.017125744461309537,0.017342157376940462,0.05841700405001803,84.93428975823146,41.882364676535055,3.657985687757022,39.393939393939384,E
48890141,-0.02108760624083911,0.1567298245549259,0.7852941842488733,0.019548351812316848,0.0005524366367017077,-0.5592649544546945,84.49434131734671,41.27813489230905,3.822267031098274,39.393939393939384,C
48890210,-0.01863548721941896,0.1577910959640698,0.7726261240490387,0.04443331647377163,0.021205148125022322,-0.13443610647940576,82.28513421021434,40.906597105878845,5.0149007406991615,36.36363636363633,C
48890269,-0.016382348245682198,0.15818607562256176,0.7465626534319743,0.042260410307813155,0.0164653811092286,-0.5756074698286703,80.40154448409751,40.326180910615236,3.7117272098459524,36.36363636363633,C
48890331,-0.014342318223959054,0.15984075166490516,0.7006150827323736,0.035862259610908005,0.02604932678782318,-0.8886062155425385,78.10961987638757,40.33163483788527,1.4143486748659686,36.36363636363633,C
48890395,-0.012312753979869397,0.16141557100158627,0.6507613147343736,0.029457059185218883,0.01986827409219653,-1.8796357799995842,77.79259213098246,40.350616042312375,1.078339725033751,36.36363636363633,C
48890461,-0.010420631327438977,0.16191430054068306,0.6386914070345726,0.03022972819889952,0.033170277775263345,0.04911088604198142,73.55985399016443,39.990386320766746,0.23613433606437004,33.333333333333314,C
48890533,-0.007967045941191474,0.16053729605328898,0.6199659922859166,0.03657207513453557,-0.01435610829946987,-0.3502868493258154,72.7146203031829,38.68115056848156,0.7001364013680277,33.333333333333314,C
48890673,-0.0052205744849832085,0.16124935683305652,0.610174756751575,0.018498428035077206,0.013174752385398794,0.002185469334225477,72.64181382278673,38.118782311368506,1.1896981780849076,33.333333333333314,C
48890739,-0.0015933225382219309,0.1623414247964492,0.5745349405336454,0.03321239595354948,0.011013207881341747,-0.21432764845271868,73.81326514419865,37.50824282188369,2.971688988981654,33.333333333333314,C
48890809,0.00029335579262794914,0.16457735734151158,0.5597362851671169,0.029104688562055468,0.03459144539004117,-0.11880503475136242,69.88203648784582,37.89338353804587,1.6856226467696946,30.303030303030265,C
48890877,0.0019889122616147115,0.16471706065237354,0.5357842066647425,0.03072868174821367,0.021649800923298667,-0.31722363771686685,70.63137347636155,37.44511660144268,2.883226571888605,30.303030303030265,C
48890944,0.0030283163477756595,0.1641650574305349,0.5205427102841957,0.016260079770870503,0.007094557217949667,0.017776511645022988,70.86577291623037,36.917441222284154,3.645301390915946,30.303030303030265,C
48891019,0.004425511729857535,0.16416047939932416,0.5054377930547922,0.021431665570338987,0.018340970636053517,-0.21265374200738446,71.21730307405954,36.51372551864322,4.40054725238606,30.303030303030265,C
48891098,0.006362312192725084,0.16432819518560476,0.49845268620762073,0.022487759836735295,0.017418270812008148,0.0320477376135201,71.09456212035916,36.041729222584244,4.749802594744653,30.303030303030265,C
48891160,0.008379600346240688,0.16543390144028283,0.48787607635266317,0.03442027707054088,0.04655323637098325,-0.2850562272803736,71.54945171387682,35.96778832335396,5.278633087492597,30.303030303030265,C
48891219,0.010075561304422753,0.16553789856963996,0.4773801555384017,0.02717824035449225,0.022226321196793828,0.10192482148233734,71.68342883889639,35.5769694076605,5.803429128205629,30.303030303030265,C
48891276,0.011505626671320705,0.16576347553844115,0.4680593453667889,0.01909000391050433,-0.06332883862058598,-0.11359856088772209,66.6546928752037,35.26472275113914,4.1172428513373,27.27272727272725,C
48891336,0.012734481337919486,0.16661285441689527,0.4668175438340332,0.016057458445575174,-0.026856379745575507,-0.00832376257169576,66.72798905280946,35.27592885210716,4.179332927975063,27.27272727272725,C
48891404,0.013696698701673385,0.16696265716815076,0.44837603548134397,0.010599543742534974,-0.017033887684346542,-0.3110995521733509,67.53663347247955,35.16249785414283,5.101408345609467,27.27272727272725,C
48891551,0.014753870552284793,0.16695069433271342,0.455444007830836,0.008297048114366611,0.005024855868387908,0.10210419569153416,66.8979736672304,34.87723666636826,4.748009728134896,27.27272727272725,C
48891656,0.018159967558234194,0.16796797465554283,0.43579108803071326,0.01889267446752744,-0.0006253612853356893,-0.43691884944247705,67.46288985874648,34.45950686787818,5.730655718141053,27.27272727272725,C
48891706,0.02040928296934999,0.16933758478732347,0.4205661372497695,0.049416443767926393,0.029284783893894505,-1.9766903013292105,62.920923085556694,34.4856576082609,4.1928412348715565,24.24242424242423,C
48891762,0.022460538117671933,0.16922909578604797,0.37765169677258503,0.0291940876495489,-0.05680807434713246,-1.5355205091677984,64.49125896272014,33.91027146156519,6.338563258730725,24.24242424242423,C
48891828,0.02507061055935304,0.1712837659744482,0.33570338958680385,0.03811990796832373,0.044834947983490775,-0.8018629129207921,66.85605449596754,34.17765163552356,8.435978618019742,24.24242424242423,C
48891894,0.02675345603947034,0.16981743761751458,0.3217759419415156,0.027289306801752903,-0.023693935269617623,-0.16406486383820457,66.51557927683021,33.14080403412182,9.132351000284155,24.24242424242423,C
48891989,0.028927656386941804,0.1693545741763324,0.31313919487761055,0.0271968876445108,-0.031178329430905257,-0.3308285184156651,66.2612287947927,32.45461619888908,9.56418835347939,24.24242424242423,C
48892091,0.03150964972426026,0.16925966815308738,0.3054344318312603,0.026836569858683223,0.008046997551725226,0.0729265706356727,60.49151886357589,31.799167376155776,7.480230275298931,21.212121212121183,C
48892189,0.03525869445261556,0.16996935686837478,0.28211957189525383,0.022177933488124288,-0.008289337958541676,-0.15688409980205076,61.12233427086462,31.26423978664412,8.645973272099315,21.212121212121183,C
48892299,0.038485328639587306,0.1716501422327598,0.25997947246012654,0.014666842037233108,0.007982957816166088,-0.18419184132580055,62.35134698232924,31.38624752635237,9.752978243855686,21.212121212121183,C
48892405,0.04022587155336725,0.17133181680853998,0.24278094488780422,0.013660518303228982,-0.012886448655099674,-0.11226459401972574,56.98646906447223,30.857266249722066,7.947384632932001,18.181818181818166,C
48892517,0.042225958705201,0.1706977864838062,0.23169548596965703,0.031135536672467597,-0.0007278732434152073,-0.14368085854867194,56.82745536686726,30.143979606209797,8.501657578839303,18.181818181818166,C
48892567,0.04538168213355929,0.17080730109640602,0.21412693964855126,0.040625130693566394,0.00943913776166415,-0.16240501588157144,57.136816734526995,29.574913657814207,9.38008489489462,18.181818181818166,C
48892628,0.04750165292654128,0.1714378009104486,0.20863521951252506,0.029647361447377958,-0.00042809495116806587,-0.09776587161482535,57.3330557225658,29.496566639051736,9.654670901695901,18.181818181818166,C
48892740,0.048882096133834464,0.17172019319463583,0.20017726182978127,0.019516893569236592,0.009900666056956761,-0.1383215661084847,51.72060537651416,29.382466244600646,7.186623980398392,15.151515151515117,C
48892861,0.05047200939005404,0.1724325928638002,0.1965570468997869,0.016057703522194815,0.007075210270077589,-0.057579654703259125,51.92290109502636,29.403751216613156,7.367634726898095,15.151515151515117,C
48893011,0.05214499237987463,0.17225865890823452,0.22569296643450878,0.01452713029234298,-0.00011901135408176146,0.49403145525817255,50.08311223196441,29.020758330287244,5.910838750162046,15.151515151515117,B
48893104,0.054753182751277,0.17215703152090536,0.1874529602126554,0.022209753664306057,-0.005721640652841182,-0.11803812948810831,51.517946865893364,28.543592653123557,7.822839061254692,15.151515151515117,B
48893148,0.057591982526855906,0.17332160701882943,0.198254688271284,0.07381586696971734,0.018581871564915895,0.5899618535688206,44.939259601333205,28.683366205918283,4.1346812742028165,12.1212121212121,B
48893196,0.061256417127863325,0.17510552113524733,0.2100500617008336,0.07081678246333241,0.015442786760136197,-0.10385549018709045,44.623739308717546,28.957614584780153,3.544912602725287,12.1212121212121,B
48893265,0.06394999629102692,0.17692772718655658,0.19587971332817744,0.025531545030113685,0.01124202349844741,-0.23490029918497626,45.87151912644252,29.49687698387231,4.253430021358112,12.1212121212121,B
48893330,0.06580662679440759,0.17763167862721327,0.2114950058237854,0.027524207062440454,0.00447097265117954,0.14462014893010117,38.75048031850285,29.625532602507388,0.03403862508638253,9.090909090909083,B
48893397,0.06796085548165173,0.1780031900382488,0.21805924709049213,0.02050085205891191,-0.03186716581766089,-0.48242217683748195,38.908260506625794,29.523177977465807,0.2941734382509094,9.090909090909083,B
48893463,0.07056698184471154,0.17826604141111382,0.21636562642023532,0.04365555245131635,0.009186304465347017,0.12431239166285137,38.66213960434516,29.361738108697203,0.20949240473887368,9.090909090909083,B
48893532,0.07372782006741958,0.17876002023539275,0.2083337619994713,0.04045191302472465,-0.009577811495176308,-0.14790163866031109,38.61319800107103,29.3301880938623,0.19210081629964354,9.090909090909083,B
48893637,0.07677215859895262,0.17979000270801687,0.20783995983443498,0.02552747466334126,-0.0013458247937099546,0.0035589257123755853,39.16663588479053,29.56023886039178,3.545790963792715,6.060606060606033,B
48893762,0.07891114486674974,0.18116436693793148,0.19727099123476746,0.02325961758964075,0.026383603296372002,-0.12839837785916744,39.150476371839446,30.072527777423907,3.017342533809504,6.060606060606033,B
48893855,0.08025960115255273,0.1818746858532878,0.19209656780538245,0.018888981809432343,0.012834486861466179,0.009526959245653313,39.16003561897786,30.340808196031634,2.758621362340188,6.060606060606033,B
48893908,0.08154888368400161,0.18146539694733552,0.1862099369181462,0.030302522850837784,-0.00641158193814648,-0.32892871489916853,38.595835793015496,30.07093991443086,2.464289817978601,6.060606060606033,B
48893999,0.08388487876174415,0.18221812556989875,0.18943487532030268,0.008564939147978089,-0.013314175792901154,-0.20714989432055064,40.12175303115803,30.349030361496936,6.742419639358073,3.0303030303030165,B
48894048,0.08579111324029119,0.18223249259151586,0.1798763543694476,0.040107096957719864,0.003950256838188454,0.10889360604754876,39.54256562352075,30.24776900140232,6.2644935918154125,3.0303030303030165,B
48894099,0.08776328324637102,0.1830782494989354,0.17416509170625835,0.04980976479243919,0.03983095350421369,-0.0465775500162921,39.59814553970571,30.58891205074687,5.978930458655821,3.0303030303030165,B
48894161,0.08879801671126525,0.1831989892308594,0.1679006651961781,0.010429966123141043,-0.009846649330945782,-0.08899025821364498,39.31604359361333,30.620031430158388,5.665709133151926,3.0303030303030165,B
48894232,0.08976573250563796,0.183931223376275,0.16462203147810392,0.01664083240191012,0.020422028768217255,-0.07777442244681546,39.49869683835312,30.966616360801908,5.501777447248197,3.0303030303030165,B
48894322,0.09017383132778571,0.18382605205289249,0.16892379341937722,0.01281412542822925,0.014406176198683977,0.06799053070860377,39.65541724886403,30.908248674249123,5.716865544311891,3.0303030303030165,B
48894420,0.09077972129253259,0.1836344084293287,0.17278307833074924,0.013035481559660356,0.006395304099405127,0.1468177040529392,39.746430553639385,30.806297733455928,5.90982978988044,3.0303030303030165,G
48894541,0.09306588852751668,0.1843071233298077,0.16715504553561705,0.013081738235383248,-0.005006496903083967,-0.04567152157805329,39.80489185886345,31.146160678436527,5.628428150123904,3.0303030303030165,G
48894593,0.096815321928352,0.18528524353803333,0.1353729077240791,0.06487888711194652,0.030965733537103263,-0.4990490460897647,40.139373059486864,31.60622402692558,8.533149032561283,0.0,G
48894640,0.09897088270648373,0.18551194641190635,0.11024664726213007,0.062142072000627185,0.03309344297278978,-0.27871944647596153,39.02579508375544,31.748959074291616,7.276836009463822,0.0,G
48894699,0.10003036451574346,0.18461448178730505,0.09409180028911686,0.024771331551946493,-0.012160913713147852,-0.3414014324668651,37.79800160264226,31.32890794182902,6.46909366081324,0.0,G
48894764,0.10081877082240044,0.18406163709302342,0.07603618699935537,0.01753867149303508,0.001458684304773751,-0.2043982673106831,36.6463717872513,31.080058790926188,5.5663129963251095,0.0,G
48894833,0.10142119424082037,0.18378404121631128,0.06595776337577167,0.01044255037609581,0.002023381066189722,-0.17159504589907207,36.0281655956101,30.965773780464264,5.062391815145832,0.0,G
48894975,0.10334169151512744,0.18435136815838346,0.054226431294276824,0.017340258903364988,0.0037271133734436876,-0.09087709675203934,35.8196556690385,31.343830457967258,4.4758252110712355,0.0,G
48895099,0.10643235352158828,0.18551713047738927,0.032811111693741415,0.028616598028826178,0.000917065893046478,-0.30344343858193784,35.5384830896703,32.13342385862584,3.405059231044463,0.0,G
48895235,0.10922968518352211,0.18575530801363513,0.021646363833691215,0.011842912448597821,-0.008497859010535102,-0.07186660424398847,35.34984810017705,32.50302626213528,2.8468218380417705,0.0,G
48895289,0.11052026141751915,0.18566778968897454,0.014806377784275798,0.019148735986240537,0.011395764040783973,0.003956168255154974,35.10099785981295,32.596175324241855,2.5048225355710976,0.0,G
48895331,0.1113156002984503,0.1854982170850287,0.010880946529489906,0.021257830944137197,0.011679702585216046,-0.1440467338239004,34.91213911399035,32.60358814115875,2.308550972831594,0.0,G
48895401,0.11238930012973973,0.18511344476678465,0.0012673851719222223,0.036425570341564316,0.03441746560713892,-175.89407565536473,34.374034732359156,32.546161827405456,1.8278729049537035,0.0,G
48895464,0.11457689390377201,0.18659587016126772,6.276420573600635,0.0387141131857455,0.02760422490321696,-0.02558501247307667,34.97431311895581,33.54804615154581,1.4262669674100033,0.0,G
48895544,0.11594725167531177,0.18658102610752425,6.272939333722437,0.01604474318889198,-0.009142416088705795,161.53788634998827,34.987635623923246,33.73543065042336,1.2522049734998864,0.0,G
48895614,0.11758574796024254,0.18752982644875227,6.2685217491818985,0.0305165102350862,0.022197006629768763,-0.17318550391920182,35.46655949057605,34.43523374410332,1.0313257464727346,0.0,G
48895677,0.11847373749393007,0.18757389733943808,6.262992063861257,0.022881416118495496,0.013226792016810358,-0.5645297341831828,35.3516201569661,34.5967786765254,0.7548414804406951,0.0,G
48895749,0.11861388462535438,0.18642040364020654,6.271894099889635,0.0014725927878298272,-0.021351161702828438,0.2672005357114853,35.274310006783736,34.074366724923955,1.1999432818597844,0.0,G
48895815,0.11950960708586955,0.1870014153548647,6.2604566377473665,0.008627659932279909,0.00013864704404614053,-0.31236484731271297,35.12582326077641,34.49775308603013,0.6280701747462798,0.0,E
48895894,0.12017770218203255,0.18683485220501886,6.266315996277439,0.006656963993460797,-0.01015832726211463,0.1012898643230452,35.45515879278312,34.534120691532905,0.9210381012502186,0.0,E
48895975,0.12191675641918415,0.18780210877798165,6.260522156264435,0.026639554651708988,0.009455853310667554,0.0509727530555162,35.92718939377478,35.29584329317508,0.631346100599698,0.0,E
48896045,0.12481841484660236,0.18706995969048293,6.194404267711623,0.05058316080545958,-0.007610218039990825,-0.838378667872398,38.18989780264698,35.51534947560623,2.674548327040756,0.0,E
48896103,0.12704996052532636,0.187155567758358,6.131466466458486,0.009011798877148768,-0.05464915861609407,-1.7743545258166364,41.84007841161052,36.01864002191288,5.82143838969764,0.0,E
48896163,0.1285849266403102,0.18658929679585834,6.104883476626709,0.029022765112286308,-0.003868713136931527,-0.26507623209193326,357.58080843879173,35.9182809608561,21.662527477935654,300.0,E
48896302,0.12928519628703555,0.18411792111521558,6.091976517797027,0.009881944386942704,-0.010506621554531567,-0.11022471763652253,355.78646405892056,34.76928452246898,21.017179536451593,300.0,E
48896423,0.13326490538929298,0.18152722735804064,6.092866497996821,0.03353547509214061,-0.022189834044031125,-0.033323889260953796,355.017914938504,33.95623639206278,21.061678546441254,300.0,E
48896545,0.1366402261091717,0.18105308481881136,6.0737786191344725,0.014285793695100043,-0.010085364764381818,-0.11498452618190082,354.31051520377997,34.20323060045609,20.107284603323862,300.0,E
