CV Data Logger started on:,2022-2-24_172305
Timestamp (millisec since midnight today),x,y,theta,xdot,ydot,thetadot,cost,last action
62585030,0.06350213129005493,0.11662085145833606,4.354324300415997,3.5581645212861854e-05,0.00023046298177864058,-0.008990000522878018,343.5091039792969,0.0399555498401336,43.46914842945681,300.0,I
62585031,0.06319133926203865,0.11524527289003102,4.352499326553448,-0.002341952002883109,-0.010365577919509532,-0.013751965325126864,344.22566795265425,0.6652708300700078,43.56039712258426,300.0,I
62585032,0.06287956589659925,0.11493935707322243,4.354868857706332,-0.005208895078017362,-0.005111031181948753,0.03958849769630566,344.29933257471066,0.85741200977058,43.441920564940055,300.0,I
62585033,0.06280535671647637,0.11469926323280616,4.356794512049734,-0.001575524334881166,-0.005097397486463876,0.040883287937895745,344.32847478775767,0.9828369399877109,43.34563784776997,300.0,I
62585033,0.06278089473172695,0.11470937656491416,4.360553638879301,-0.0012716872681604009,0.0005257543822450451,0.19542297068404998,344.14012705173786,0.9824455454462652,43.157681506291624,300.0,I
62585034,0.06259977613115597,0.11440647520225197,4.3506238823633625,-0.003173700491927517,-0.005307672434835202,-0.17399688955196316,344.8109239814301,1.1567546493415688,43.65416933208855,300.0,I
62585035,0.06253493808068798,0.1142725964408703,4.353305128045224,-0.003430772751048167,-0.007083920678939597,0.14187262815277574,344.7511284892904,1.2310214412949587,43.520107047995474,300.0,I
62585036,0.0624960759527694,0.11409655565035116,4.367617998413571,-0.0013358869212022038,-0.006051407945167724,0.49200538812481687,344.12425082409254,1.3197872945144062,42.80446352957814,300.0,I
62585037,0.062354494947204346,0.1137972510969647,4.365797734136314,-0.003620562368324876,-0.00765392785800893,-0.04654847814039924,344.38058595627257,1.4851092128316001,42.895476743440966,300.0,I
62585038,0.06245347533078245,0.1138479887162675,4.3773438977623975,0.0033797131056862457,0.0017324503170234172,0.39424701255758554,343.761366767654,1.4431982055172206,42.31816856213679,300.0,I
62585039,0.06262378008007491,0.11409616790239444,4.38106055346925,0.0037262444961389685,0.005430126465666889,0.08131991579353362,343.42961352650855,1.2972777497143337,42.132335776794186,300.0,I
62585041,0.06239292389087898,0.11375232650902539,4.381012049017314,-0.00548775270209954,-0.008173558361708822,-0.0011530140824978258,343.633512732302,1.4987517329110402,42.13476099939097,300.0,I
62585042,0.06285008087978645,0.11455644797764733,4.366289370027017,0.007866096385829564,0.013836159419133697,-0.2533265700959039,343.9138884815823,1.042993532676488,42.870894948905814,300.0,I
62585044,0.06259865745524155,0.11410483937856258,4.356486964048479,-0.012873979408181505,-0.023124336229603942,-0.5019260752921716,344.6584674730716,1.2974522252388707,43.36101524783273,300.0,I
62585045,0.06272330625018445,0.11415424377045245,4.374680500952883,0.004067332653058668,0.0016120821419110946,0.5936613086377152,343.7051837348431,1.2538453322306002,42.4513384026125,300.0,I
62585046,0.06267876996216686,0.1142458977282219,4.371883701096515,-0.0013615861783292413,0.0028020916794580645,-0.08550519581875565,343.808707694013,1.2175292985820485,42.59117839543094,300.0,I
62585048,0.06252326261080067,0.113898342784783,4.368228445478715,-0.004504081884544074,-0.010066507537258906,-0.10587004708698877,344.18130838342745,1.4073672071064907,42.77394117632094,300.0,I
62585049,0.062468464980912485,0.11383508935478004,4.369109212309922,-0.0015357645698533056,-0.0017727477797573638,0.024684470777861657,344.17645924131324,1.4465564065526715,42.72990283476055,300.0,I
62585050,0.06241924722244471,0.1137164439707923,4.366607271046574,-0.0014721748146708815,-0.0035488561775540175,-0.07483670590361448,344.36574852042446,1.5107486224964852,42.85499989792798,300.0,I
62585051,0.062148422823250435,0.11325312619276462,4.3646866010285414,-0.008606040266670877,-0.014722940273598871,-0.0610335094007394,344.7269514087709,1.7759180099412992,42.9510333988296,300.0,I
62585052,0.06207555903359075,0.11308750095204562,4.367380251051879,-0.0009990418116178575,-0.0022709022041041255,0.03693287175630215,344.68270936568604,1.8663584680232783,42.816350897662744,300.0,I
62585054,0.06207932995089034,0.11307696208798476,4.368667036880862,6.97481677574135e-05,-0.00019493041084960784,0.02380082795174307,344.6225358895857,1.8705242833721811,42.75201160621356,300.0,I
62585055,0.062360520431429915,0.11357601593369297,4.369703010816204,0.005993182363377496,0.01063663570948388,0.022080337521728235,344.2870265974987,1.586813688052256,42.700212909446456,300.0,I
62585057,0.06228818056418009,0.11337898353541895,4.376209626481657,-0.002993354523498818,-0.008153012205739121,0.2692375335385801,344.0666349502557,1.6917528240819257,42.374882126173816,300.0,I
62585058,0.06196212125068346,0.11261733576018564,4.370043371288826,-0.012522244447420738,-0.029250934506443213,-0.2368138300413946,344.7889157307801,2.105720844964716,42.68319488581536,300.0,I
62585059,0.06197498234185697,0.11275109530676629,4.361566013309869,0.0005449096030447406,0.00566723775202201,-0.35917588242410237,345.1482089015477,2.0411461167844624,43.10706278476323,300.0,I
62585060,0.06192112679683142,0.11262861915259936,4.36367729364814,-0.002066835585023913,-0.004700315884445678,0.08102544187473326,345.10950426756807,2.108005499718405,43.00149876784969,300.0,I
62585061,0.061849251101831086,0.1125582636968366,4.362073638045233,-0.0022129540335954993,-0.0021661479532816413,-0.049374355753127784,345.23580674809676,2.1541252001017694,43.08168154799501,300.0,I
62585063,0.06188134083759519,0.1125729513352104,4.365991538263325,0.0010039541344008369,0.0004595150106056138,0.12257477440880746,345.0270448614551,2.14125832436467,42.88578653709044,300.0,I
62585064,0.06194494602452938,0.11261531197549078,4.363367177647481,0.0018902700996848913,0.0012589075763325397,-0.07799285941966916,345.1267975815219,2.109793013639247,43.01700456788263,300.0,I
62585065,0.06189295006144953,0.11250652385855262,4.373792060833399,-0.0015482307217679133,-0.00323927272100508,0.31041110623324564,344.66569349569073,2.169933087104006,42.49576040858673,300.0,I
62585066,0.06189451040875781,0.11253667462706532,4.37165998159411,4.6263154983067735e-05,0.0008939482057336882,-0.06321458803416174,344.7579981671508,2.155633796599627,42.602364370551165,300.0,I
62585067,0.06206290033759422,0.11293330997619189,4.361777800467161,0.005601339921788737,0.01319371907101187,-0.3287218899801523,345.0367173650242,1.9402439381255512,43.09647342689862,300.0,I
62585068,0.06213685074272306,0.1130919457466431,4.361782109130269,0.0022876459787845205,0.004907376527983032,0.00013328792203311024,344.94915199741007,1.8528940036668358,43.09625799374322,300.0,I
62585069,0.061839667047339814,0.11276000988116448,4.34411509746113,-0.008004153126782551,-0.008940145562614538,-0.47583184706712184,346.0427316079146,2.0631230307144466,43.97960857720016,300.0,I
62585070,0.06156833514581425,0.11225115198422493,4.344414551698004,-0.00644377777215745,-0.012084709490663998,0.007111646454019665,346.31532040698386,2.3506845416274054,43.96463586535646,300.0,I
62585071,0.06130446025639517,0.11179994253752022,4.343927652541838,-0.007469505062967516,-0.012772383359550709,-0.013782651771613301,343.3608849221159,2.5283451933796925,43.862842759039204,296.969696969697,I
62585072,0.06134505657448158,0.1118648417573035,4.339679649556926,0.0012399745072467503,0.0019822826764775638,-0.12975106256648555,343.5555908636171,2.5106509856352894,44.07524290828483,296.969696969697,I
62585073,0.06166480963954359,0.1124963829275455,4.335585218259516,0.009993975630998549,0.01973900410977088,-0.1279726485223019,346.62517378541975,2.2190712481389006,44.40610253728086,300.0,I
62585077,0.06160380612998515,0.11246122912658238,4.330869318820041,-0.0015978920872989572,-0.0009207991606392394,-0.12352565374317691,346.88962822282423,2.247730713569611,44.641897509254605,300.0,I
62585078,0.06182117161672541,0.11274839509579931,4.336521193695018,0.005631756682191705,0.007440228392689048,0.14643531763667206,346.43145721182054,2.0721534463147275,44.35930376550579,300.0,I
62585079,0.06197736671456281,0.11298554370732798,4.353860544697903,0.00466470424966399,0.007082348622434111,0.517832796479774,345.424651678841,1.9323154634794582,43.492336215361526,300.0,I
62585080,0.061775729169749334,0.11255059619117651,4.351865265721151,-0.009687619252707265,-0.0208969313491889,-0.09586261848002706,345.76401334595096,2.1719131817518336,43.592100164199124,300.0,I
62585095,0.061528212842050865,0.11207380002392962,4.351537702295191,-0.010270867283988586,-0.019784998431590227,-0.01359247895443308,342.8829041726036,2.430866931535069,43.48234027137154,296.969696969697,I
62585127,0.061465028080892055,0.11188985047387276,4.352865737737817,-0.001968842884494954,-0.0057318846521429686,0.04138170475945785,342.83764441280005,2.452008943862799,43.41593849924027,296.969696969697,I
62585158,0.061459683418026,0.11190842871913001,4.356052530409903,-0.00016634245418141789,0.0005782125061808767,0.09918285349830866,342.6818385343841,2.455542699051106,43.25659886563597,296.969696969697,I
62585194,0.0613759413201014,0.11164854507216805,4.35952012026694,-0.002749474091911637,-0.008532666029895818,0.11385012687268688,342.5412606716899,2.4883443292087724,43.08321937278411,296.969696969697,I
62585229,0.061186458987807626,0.11145404268424502,4.3535981737730145,-0.005155602939106232,-0.00529219305409661,-0.1611295595727511,342.92987955929124,2.5808658921138425,43.3793166974804,296.969696969697,I
62585297,0.06117492972884137,0.11145770114133817,4.351436487770391,0.005851039457476791,0.011303838929442988,-0.05083179196793685,343.04373485594476,2.5866368886362,43.48740099761158,296.969696969697,I
62585373,0.06126571460728046,0.11167639697070626,4.3433404523717565,0.004240068064103707,0.008150073325469562,-0.16865029653638536,343.4059240886962,2.5440243514559415,43.892202767543296,296.969696969697,I
62585439,0.061070130574755514,0.11150846883905641,4.351078069064846,-0.004824552751652783,-0.0015310132308270343,-0.12020108814594178,343.11427284240574,2.6392539398198887,43.50532193288884,296.969696969697,I
62585506,0.061060590088661666,0.11154889420294421,4.357343122753969,-0.0023858748104582635,-0.004574248065001066,0.49570572325775736,342.8061373899422,2.644371171812541,43.192069248432674,296.969696969697,I
62585570,0.060976544685813455,0.11154876828156948,4.342620961867915,-0.004215805230140592,-0.0008286968174076037,-0.2650148746957491,343.5842577047129,2.6863834422805337,43.928177292735356,296.969696969697,I
62585645,0.060968219656534234,0.11136626724876429,4.341043001715128,-0.004172688216796946,-0.0015030088891823396,-0.44905186806163705,343.6669826901747,2.6902104201029235,44.00707530037474,296.969696969697,I
62585746,0.061042876209377074,0.11136197599157298,4.363297412933344,0.0034832339088722844,0.0036558586056516917,0.47334164795144634,342.51696698573653,2.652915276575628,42.894354739463935,296.969696969697,I
62585853,0.060885583719493507,0.11110911243698206,4.352514815450407,-0.0006950690479478871,-0.0022806626807399394,0.0097575361256707,343.1394117182059,2.7362301348981415,43.433484613610766,296.969696969697,I
62585967,0.06049868765359486,0.110531707458008,4.331586749130513,-0.003026993254858174,-0.005026930100753971,-0.202525158320759,344.40920323633844,2.9596183370359466,44.479887929605475,296.969696969697,I
62585994,0.06066254445615769,0.11084565511104018,4.33958317657292,0.0028956625744870077,0.005548054490351432,0.14131214153102487,343.90794914457143,2.8581856173892977,44.080066557485125,296.969696969697,F
62586034,0.060820801194048306,0.11107092527673282,4.358676357266482,-0.0017296306164448743,-0.0066451257251733805,0.5679245200603077,342.8648670359655,2.7697625434615363,43.125407522807,296.969696969697,F
62586096,0.06079949307718356,0.1107393778171411,4.36081154106934,-0.006144645852692988,-0.02460593034896615,0.5298572371893299,342.7845719504285,2.7962266480673534,43.01864833266411,296.969696969697,F
62586159,0.06133472975634812,0.10928522220479245,4.411754166666248,0.014345930986300229,-0.005537705266949078,0.8799232252052333,340.1692196625174,2.728005640001681,40.47151705281871,296.969696969697,F
62586229,0.06228688446979525,0.10768100446922661,4.47563500670385,0.018137917968741334,-0.02533571214946807,1.0042489426632029,337.01336964375395,2.7661976231183796,37.27747505093859,296.969696969697,F
62586292,0.06351890527640176,0.10702732133622457,4.524974326797334,0.019996547956847712,-0.0076923321404152225,0.690470827432791,334.4001724716632,2.619966455701823,34.8105090462644,296.969696969697,F
62586381,0.06476867330824244,0.10602307568411505,4.555603021772022,0.020680052679535592,-0.010462942763690562,0.5517816743652381,329.0404738062466,2.2036232659008395,32.897456600951806,293.93939393939394,F
62586469,0.06609399290646621,0.10490719170759795,4.574774516079595,0.016547222977504213,-0.014397074458129645,0.17950455227686976,327.5741531456428,1.6958773206757027,31.938881885573167,293.93939393939394,F
62586563,0.06762579545152611,0.10379329768946398,4.559218257676669,0.020651408858963227,-0.012263314063130687,-0.3077168617916605,328.14769462609803,1.491605880984612,32.716694805719456,293.93939393939394,F
62586661,0.06803729888100457,0.1031098724361194,4.593546683459639,-0.0010163681295138176,-0.013269489316780769,0.21473897952160087,326.65460680999746,1.7149393540325657,31.000273516570953,293.93939393939394,F
62586723,0.06914855983836957,0.10322088067036106,4.601258511749511,0.009432008350683415,0.0028544738084259483,-0.10027889213129952,326.1183918676924,1.5643158262211136,30.61468210207735,293.93939393939394,F
62586796,0.07017764793425259,0.10241830336824635,4.59276055805311,0.012685931843809397,-0.021526129127583893,-0.47342478209325917,322.328491286691,1.0266110593526165,30.39278931824745,290.90909090909093,F
62586863,0.07152532512913734,0.10222222450135172,4.593366086564796,0.013071691577823523,-0.011274394266645352,0.2467776460785461,321.77178741257126,0.5001836108171773,30.36251289266314,290.90909090909093,F
62586934,0.07248928635752779,0.10189393633226437,4.592863139997426,0.011125006855630443,-0.008873532342278083,0.029828777094696578,321.7195733241508,0.4228221940282135,30.38766022103166,290.90909090909093,F
62587001,0.07314689294764586,0.1016905733882429,4.586156916324028,0.0037551321854614444,-0.009234509311076371,-0.04964761077177176,322.288999567338,0.6569372535455771,30.722971404701525,290.90909090909093,F
62587067,0.073886636050866,0.10213703431199632,4.580690674435558,0.002139537358390731,-0.005376381127268566,-0.05135325333222468,322.98712373972205,1.081749331506048,30.996283499125056,290.90909090909093,F
62587136,0.07433997236995346,0.10214755647852224,4.577011746664467,0.008333292575313782,0.0017958755910535038,-0.05281148020332154,323.38451476652244,1.2951939697519521,31.180229887679584,290.90909090909093,F
62587206,0.0745524413668513,0.10168758003241828,4.566896677102174,0.00552324745514594,-0.006715144764736156,-0.0037603838110866245,323.93851672355504,1.3434424486698924,31.685983365794222,290.90909090909093,F
62587274,0.07531757107487354,0.10150479287672297,4.564808902948371,0.010985152440069885,-0.005594515512974174,0.1079948598424859,324.41415935736023,1.7146963747849078,31.79037207348437,290.90909090909093,F
62587343,0.07638285399311726,0.10161694264721763,4.559403089295964,0.01315908081912704,-0.00019532758408510227,-0.2304151349669458,325.21965836378916,2.249904698593484,32.06066275610473,290.90909090909093,F
62587405,0.07718546524972993,0.10149105793314815,4.559470850249772,0.01685901587386396,0.006327295623425429,0.38476009378389264,325.61358362423266,2.6472180067273943,32.05727470841435,290.90909090909093,D
62587476,0.07768715016840211,0.10131513714127072,4.559475273994362,0.004483813510890914,-0.004813720682238756,-0.046944234069109594,325.86236588566123,2.8962214553854397,32.057053521184834,290.90909090909093,D
62587541,0.07824009270798502,0.10095153729745421,4.566042202531945,0.006657809014689866,-0.015854963104900203,0.27622625476404356,321.67042904790355,2.9913102491615446,30.800330919954146,287.8787878787879,D
62587609,0.0795954319029154,0.09950882546859266,4.639266201612709,0.01477679177062227,-0.025971951038608585,1.1797704571313459,318.03356987254307,3.0156510278392235,27.139130965915975,287.8787878787879,D
62587675,0.0811867512010375,0.09790216433193284,4.680495633384878,0.03695647735812184,-0.018638338999844475,0.5370408655953426,316.3966694817178,3.440222225622424,25.077659377307498,287.8787878787879,D
62587741,0.08327448020188986,0.09615792385719928,4.702660879172637,0.045440027057072334,-0.00860954028942753,0.3714152335911837,311.5661795489784,3.9817085749069583,22.735986125586624,284.8484848484849,D
62587809,0.08586468460965152,0.0955410836142092,4.7218884059033295,0.050961070638423214,-0.0018995967682864116,0.24864626757813926,311.55706714169264,4.933972504155803,21.774609789051976,284.8484848484849,D
62587869,0.08676908522474364,0.09291715395372575,4.733478268701992,0.011813029498072506,-0.044088467047339444,-0.15109909382807116,311.02217925666315,4.978577759059415,21.195116649118837,284.8484848484849,D
62587943,0.08749768159091283,0.09107986387051839,4.7465843916435455,0.003387186855518448,-0.02630018167488824,0.3183951432725103,305.5488176331386,4.7600276147875995,18.970608200169174,281.8181818181818,D
62588005,0.08778076627356379,0.08985173604600487,4.749448448762463,0.009682857909581618,-0.014969025947246403,-0.003580393173237537,305.2712540043682,4.625666841963051,18.827405344223298,281.8181818181818,D
62588108,0.08847992610678553,0.08909515768919374,4.762133671399207,0.02120255119585395,0.0004066110723814011,0.028770868987317098,304.8474738738928,4.836147843324886,18.19314421238609,281.8181818181818,D
62588218,0.0902901772662817,0.08868411008377909,4.774797157217551,0.023865277694087188,-0.0038014673892509325,0.1790715942639865,305.04666537736705,5.66851363771638,17.55996992146887,281.8181818181818,D
62588332,0.09278879514765313,0.08843749890466365,4.7696518288808285,0.027543002756908658,-0.005740941525566927,0.18057409755857595,301.3844384986305,6.722357259545142,15.874202451206568,278.7878787878788,D
62588453,0.0940224389790503,0.0867936020372033,4.806718187027615,0.008780934999738334,-0.01234003301024624,0.05013509718403107,299.72668483436735,6.917921502621289,14.02088454386726,278.7878787878788,D
62588572,0.09441737118590762,0.08572065259936025,4.81270524693362,0.00498829965317976,-0.009719984127634912,0.05328656660264904,299.4360192156856,6.926608879239697,13.72153154856705,278.7878787878788,D
62588687,0.09608662214537722,0.08523104658277232,4.815790213806846,0.016902397621032444,-0.0016178194868490408,0.05165676667049169,300.0234894678322,7.668327475047671,13.567283204905706,278.7878787878788,D
62588743,0.09718340562939033,0.08517061763080112,4.802611922692142,0.014925994330858153,-0.003493587037217548,-0.31839564006954874,301.21035950828434,8.196282959764622,14.226197760640913,278.7878787878788,D
62588787,0.09848058971830251,0.08526638731167692,4.8188697168198305,0.03518145620108648,0.007589765633485795,-0.05733879013312917,295.6351021707048,8.825644885184953,11.051881527944067,275.75757575757575,D
62588847,0.09830906374653776,0.08411363993008887,4.8225114224703205,-0.02211999065408979,-0.03935187444952734,0.05083264831122577,295.12011853844183,8.492746535446535,10.869796245419563,275.75757575757575,A
62588912,0.09955087307687761,0.08412022514597922,4.8261861167428,0.025811755437154377,0.005895308431533911,0.020757771691702145,295.50515697261693,9.061519683245571,10.686061531795614,275.75757575757575,A
62588983,0.09990389942107857,0.08210927463570479,4.851311206575831,0.007922073867417032,-0.044206532773333154,0.505011872630892,294.0716504796965,8.884267681976683,9.429807040144066,275.75757575757575,A
62589048,0.10142750717251707,0.07925726694210147,4.8467952191354495,0.022858325608192603,-0.04463767782247612,0.036751650580596436,288.7731041840271,9.218893957223429,6.826937499530953,272.7272727272727,A
62589179,0.10262324050690147,0.07809729989106634,4.848221673634746,0.00824332545349951,-0.005642692337528966,0.025058979344579846,289.07238811903693,9.589500617198137,6.755614774566124,272.7272727272727,A
62589243,0.10362842151773599,0.0765931995204037,4.853772547287189,0.004671712557670311,-0.012854586072915602,0.012896296338400299,289.090666080809,9.88532226159236,6.478071091943936,272.7272727272727,A
62589284,0.10414526720642747,0.0756279350421158,4.840460563522177,0.02231625884674051,-0.01914818309856685,-0.6913189019152604,289.9209391208668,10.049996113399592,7.143670280194563,272.7272727272727,A
62589351,0.10486308047593773,0.07439884482898297,4.86139733474811,0.016184836885593145,-0.020130163857839084,0.1330879237884545,282.7044155722515,10.254887538984871,2.7525583362969255,269.6969696969697,A
62589414,0.10577055369834039,0.07271869793185244,4.860273739667397,0.018918148856508832,-0.022151947708529778,-0.03306068538030362,282.97093283052124,10.46522504321889,2.808738090332634,269.6969696969697,A
62589481,0.10633236581442862,0.07107323045517502,4.865317971770888,-0.001982738269251541,-0.027704197374176252,0.1759641249168038,282.8414707843406,10.58797460221286,2.5565264851580336,269.6969696969697,A
62589558,0.10703938919200326,0.07029487142947566,4.871523101505524,0.0007531806676132813,-0.012775950253012567,0.16219146701090278,282.83285091111344,10.889611215717556,2.246269998426207,269.6969696969697,A
62589623,0.10785227724907152,0.07028338826645313,4.869533887763355,0.01114276024465058,-0.0006214307451657301,-0.021166855505864085,283.33594974651925,11.293249364015011,2.345730685534575,269.6969696969697,A
62589694,0.1085222109995985,0.07004434776961654,4.876521259888126,0.015117543021328847,-0.0015210300213326644,0.17122526100538868,283.3086238396512,11.615292063385482,1.996362079296054,269.6969696969697,A
62589791,0.10903525781474913,0.06932148452731547,4.878543569638933,0.01157388115675057,-0.008085001916464567,0.023746959871726248,280.4778819809978,11.807331916666776,2.003883397664353,266.66666666666663,A
62589901,0.11023579044322598,0.0677987136116942,4.88237729267851,0.01376692347167975,-0.02067639266658886,0.05163322393898942,281.10196606327963,12.239729846969816,2.1955695496432033,266.66666666666663,A
62590029,0.11082695806813274,0.0661831554728197,4.889535749460614,-0.00023072745412382875,-0.02297770781314095,0.08170767798607319,281.6437513206441,12.423592265228983,2.55349238874853,266.66666666666663,A
62590092,0.11117093984683847,0.06522333394475106,4.893727970780601,0.0061002418554915415,-0.0025419344026193125,-0.049669213326796496,281.98563511514453,12.555864993730102,2.763103454747781,266.66666666666663,A
62590136,0.1117338933474948,0.06511860460546091,4.890560684995297,0.013878181234602667,-0.003573266754025162,0.00832977981440062,282.1051515911287,12.833745758979328,2.6047391654827425,266.66666666666663,A
62590185,0.11219371998704566,0.06468294226179877,4.8950603377628426,-0.0017486935448349174,-0.02065581357310901,0.08547359274067783,282.54939919288506,13.053010722358488,2.8297218038599667,266.66666666666663,A
62590260,0.11352581889867375,0.06439603168243853,4.897118252321365,0.009641140644631776,-0.010874740264717637,0.03245099991960096,283.31330442429777,13.714020225845072,2.9326175317860494,266.66666666666663,E
62590335,0.11387715817741814,0.0633296812917613,4.897711934272369,0.009158134775487117,-0.00948880643946297,0.0546876246638667,284.91485738456265,13.84548159338798,7.433012154811037,263.6363636363636,E
62590402,0.11428349589948447,0.062331819646155105,4.880101586032062,-0.0010979831615359821,-0.018828083827712207,-0.469529758158387,284.17620737298995,13.987348993830658,6.5524947427956475,263.6363636363636,E
62590463,0.11371871553487073,0.0596986799223905,4.814006602019313,-0.008788500676138402,-0.04210266659184797,-1.1611347045516318,280.517332507602,13.63322332908027,3.2477455421581287,263.6363636363636,E
62590527,0.11352150983790141,0.05794759378543798,4.737600905058492,-0.019357995354449587,-0.028559868974875023,-1.0118356998444393,277.76523174324313,13.556328800997166,0.5725393058823715,263.6363636363636,E
62590603,0.11314986497329241,0.05759593617264149,4.69266696280037,-0.008498418688596188,-0.0029604148889801106,-1.0842130504414902,279.8377374019886,13.38213734683613,2.81923641878881,263.6363636363636,E
62590695,0.1103621266478951,0.05532307504449286,4.664419063854752,-0.010784236922628074,-0.01791361909056634,-0.3994620805243926,273.3731125655235,11.979654847936011,0.7873971115268621,260.6060606060606,E
62590758,0.10873474534986782,0.05306390478887255,4.654234537804747,-0.018801444159106662,-0.03454402194129927,-0.14925420206344195,272.11452420996125,11.230292794874677,0.2781708090259737,260.6060606060606,E
62590886,0.10822170381383825,0.050966778045190016,4.636887027016338,-0.0038947211037214003,-0.014695545138418952,-0.08023421000389522,272.3342851875229,11.139019851067758,0.5892047303944982,260.6060606060606,E
62591002,0.10802945517409887,0.048903246567957706,4.61835969276915,0.0001845460632752112,-0.008266433800245577,-0.12470599640512267,272.6709377824458,11.123770715120553,3.971409491567669,257.57575757575756,E
62591116,0.10699943955346614,0.04876070815590633,4.616045341483822,-0.013197484414269317,-0.0014881278941337968,-0.0007542951110307642,272.05344476928826,10.621995266229359,3.8556919273013213,257.57575757575756,E
62591227,0.10514295144213096,0.047399159979580066,4.614465948110729,-0.011070595152313496,-0.011211863572028366,0.02900237916718292,271.1778103765441,9.825330542139826,3.7767222586466973,257.57575757575756,E
62591336,0.10376012412622461,0.044929709032855175,4.617603284233992,-0.00844069056210982,-0.01645380949279764,0.08724577356885477,273.74871015297094,9.460220303988745,9.743035303527613,254.54545454545456,E
62591454,0.1032143995954582,0.04313783523154681,4.625186678639568,3.503846918179544e-05,-0.009111051309669348,0.08782574114514625,274.0437295544335,9.376069985172622,10.122205023806355,254.54545454545456,E
62591513,0.10306574267575241,0.04309066593065225,4.632205433475805,0.0036362958009665378,0.003939834768290538,0.059106529361079,274.32879733617267,9.310200025099892,10.473142765618247,254.54545454545456,E
62591565,0.10253129688530195,0.04288920724573393,4.635227348707064,-0.010433572424965594,-0.006223530664523486,0.19113264141235423,274.2490278190397,9.079334746403925,10.624238527181209,254.54545454545456,E
62591631,0.1015024835203944,0.042091317127720004,4.640752976290958,-0.0155090034838202,-0.014170192550546905,0.1646989043477423,274.15599456979623,8.710020117965787,10.90051990637587,254.54545454545456,E
62591711,0.10121587403828358,0.041066764629132974,4.64424402428885,0.00028414614599397894,-0.013145160315627138,-0.03135491310209033,274.3815037145899,8.76097686286485,11.075072306270467,254.54545454545456,E
62591814,0.10003969613099765,0.03895558858798428,4.6276351098356034,-0.015626023620212013,-0.02351072715725086,-0.5360169393809631,276.2541338391179,8.562372768415706,16.176609555550726,251.5151515151515,E
62591867,0.09919319369604743,0.03670717426822572,4.57167771946798,-0.005722472438475649,-0.03132179130981234,-1.0228021505449463,273.4899155331503,8.596023980829225,13.378740037169537,251.5151515151515,E
62591931,0.09841394553779902,0.035636283389138046,4.5017028323719455,-0.007457381093427184,-0.018239748314239284,-1.2083972976003599,269.90355309267926,8.5084058951599,9.87999568236785,251.5151515151515,E
62592001,0.09673307757298893,0.035037457903790765,4.451342248390118,-0.018491467449743674,-0.0020360287719231457,0.00038382538429041364,269.58172069295034,7.903155655290115,13.193716552811738,248.4848484848485,E
62592068,0.09401395774327521,0.034304998347302294,4.423751984759564,-0.04665045312358894,-0.01486929000214787,-0.42117200845880004,267.12799839156236,6.828946535429829,11.814203371284028,248.4848484848485,E
62592136,0.09103313476627432,0.03276358303446372,4.400895115262904,-0.04684025301585752,-0.02730478245402358,-0.17830665190764858,265.21513046054486,6.058922079245309,10.67135989645107,248.4848484848485,E
62592267,0.08810386440454199,0.030659545630128588,4.383008323012852,-0.020795928536080213,-0.01595969187150103,-0.13975716302438346,266.1408026751936,5.381715945073316,15.304541275574815,245.45454545454544,E
62592377,0.08570312518074107,0.02760100845975982,4.3473702444265605,-0.007626310686440473,-0.018765499611557598,-0.23123963847980922,266.441617939202,5.423336063966865,18.5940394509927,242.4242424242424,E
62592486,0.0846442766911954,0.027535739373251388,4.348393054128248,-0.008632091942856296,0.007173893767407523,-0.17870768509840312,266.1202328805819,5.0508105202624405,18.64517993607707,242.4242424242424,E
62592610,0.08278935595655096,0.027540911916129132,4.334785030840351,-0.0248722807345608,-0.0013090295572012979,-0.09345139670836682,264.8172574934215,4.428236297496872,17.964778771682216,242.4242424242424,E
62592722,0.07827699735592339,0.02517774167946988,4.322278428897515,-0.033502451967615775,-0.021564684913209627,-0.16583489767478313,265.002312672554,3.7405143455504284,21.867858933064184,239.3939393939394,E
62592837,0.07631991831037507,0.0232966186660048,4.330735491970073,-0.02283997003124225,-0.01880791623201728,0.1535890823957211,266.3944045103012,3.782999362964965,26.247768783699854,236.36363636363635,E
62592945,0.0756345204414075,0.023021569783666127,4.331926378641743,-0.007485260261806674,-0.0018201334604364022,0.12299513758449769,266.3337037350941,3.662754254174444,26.30731311728332,236.36363636363635,E
62592997,0.0740071541715589,0.023343086401627987,4.3393463990363506,-0.033841361552500455,-0.005006152552908486,0.13707788635903523,266.1233300078536,3.0813795072035544,26.678314137013704,236.36363636363635,E
62593044,0.07280200658696008,0.023144983083404996,4.340240201078056,-0.04388059906266732,-0.01762539153434928,0.5695829781837667,266.02939105296974,2.94275045023443,26.72300423909898,236.36363636363635,E
62593111,0.07145107406858028,0.022266403777012687,4.347291535205566,-0.018410691714478712,-0.018373585742433977,0.3686310608615133,266.58811802594965,2.780013547661981,30.474771144954328,233.33333333333334,E
62593178,0.07008859746352186,0.021252405080257022,4.344756064180009,-0.026954376496335728,-0.022309021684477945,0.3190185546696161,266.4475845713482,2.766253644338379,30.347997593676467,233.33333333333334,E
62593248,0.06848102651102415,0.02020854021961467,4.310015558362037,-0.035449745939726225,-0.022156327028189433,-0.6431128100290787,264.9378946967579,2.993589060646655,28.61097230277788,233.33333333333334,E
62593312,0.06631056424217108,0.018594599846103354,4.250721366376749,-0.028412540654802115,-0.023681525890929526,-0.9560627177063962,261.69850929316016,2.870217017120773,28.525261973009126,230.30303030303028,E
62593381,0.0650313953860616,0.01795558380993823,4.165935881295429,-0.021115978929732077,-0.0036748673596050975,-1.1028328412130781,257.5001955385861,2.9111775166127534,24.285987718943115,230.30303030303028,E
62593505,0.06307856659209932,0.018217131313467975,4.140919352759088,-0.01517829966252975,0.0023367202740226124,-0.34341626614956594,255.1806332471521,2.4660414494512266,25.441864524973575,227.27272727272728,E
62593575,0.05825908554126333,0.017958513280748364,4.100391572678151,-0.0272483128005209,-0.003253138572971119,-0.2329213982729153,252.31480142373485,1.6265986300808377,23.415475520926734,227.27272727272728,E
62593613,0.054868205999834635,0.016897544014423026,4.085326471678398,-0.07806011552899832,-0.02962995746211073,-0.5096233657173381,249.84367186501598,0.9555475654837557,24.64570005710801,224.24242424242422,E
62593678,0.052357832378236664,0.015651622292044576,4.064803654102571,-0.03114250692427801,-0.018345465051986455,-0.19217494308116348,247.86900057607795,1.4319317382303702,25.224947625726372,221.21212121212122,E
62593805,0.050581178151128205,0.014634680388479435,4.04412878708969,-0.011923693239250523,-0.005651535504614204,-0.19637823803324356,246.4597117609835,1.0563862737799572,24.19120427508233,221.21212121212122,E
62593899,0.04911336996069481,0.014641096772205119,4.034123205013924,-0.01086689837609955,0.002586178601669843,-0.0169766896295603,245.877594230584,0.9745478471687468,23.690925171294047,221.21212121212122,E
62593978,0.046484706395499426,0.015195472351892196,4.019039750732766,-0.028492359747699026,0.0003981291228925806,-0.07501906909855084,243.42976740897836,1.0451430132514163,24.20280621390877,218.1818181818182,E
62594052,0.044070360921894196,0.015162325884842086,4.011416324405795,-0.035885560455141324,-0.00404553767606108,-0.09303030425171357,242.48086711206483,0.47741403268642,23.821634897560216,218.1818181818182,E
62594118,0.04167650510270821,0.014600666046512518,4.005014531053655,-0.032017358574001585,-0.00894139704375402,-0.04908678799635891,243.13693369011864,1.4535702783472384,23.501545229953205,218.1818181818182,E
62594170,0.03987710361830002,0.013765168515739999,4.001420970817366,-0.02837648112288565,-0.01692630708317505,0.028362602071951744,240.237527463292,0.8059190836662379,24.280093228110616,215.15151515151513,E
62594232,0.03855150377216436,0.013319223692652706,3.999828187248732,-0.01823691323611214,-0.004678814249062014,-0.011097413066247626,240.0209974494552,0.6690282482611201,24.20045404967894,215.15151515151513,E
62594332,0.03701615717580389,0.013415395964751007,4.000363421193172,-0.018240890260643006,0.0038571724787761696,0.02052856572034896,240.6831218953718,1.3043909969557432,24.227215746900935,215.15151515151513,E
62594387,0.03591385132383149,0.013881783888855604,4.002137158568556,-0.026426592677673173,0.010530179959578083,-0.12311936958398173,241.36937644043834,1.9019586732531089,24.31590261567012,215.15151515151513,E
62594454,0.034352699598967,0.014136016828801026,3.9980665257221837,-0.023611975002488152,-0.0005988591794294298,-0.1750931135494909,238.89244965433687,1.9842855014062477,24.786952031718485,212.12121212121212,E
62594545,0.03269510584406134,0.013911418292250819,4.000372597579203,-0.022822654084574637,-0.0039067854430666306,0.004058648404544202,238.99649772641558,1.973029980634052,24.902255624569413,212.12121212121212,E
62594663,0.030229914331043176,0.013176610299402217,3.9957655449198826,-0.019182367876008716,-0.0031887409981842117,-0.0425715092735168,239.19608625362886,2.402971140813316,24.67190299160341,212.12121212121212,E
62594706,0.027819353547084216,0.012339939601340222,3.9418013052095198,-0.048545332421731396,-0.02201096737779478,-1.3094273694412029,233.59492411517806,2.1222739771902583,22.381741047078698,209.0909090909091,E
62594760,0.025339428104729105,0.012062498039080202,3.88366309576599,-0.06033029701907574,-0.000830861602753084,-1.6956453707783188,231.0917377280034,2.525998062192082,19.47483057490222,209.0909090909091,E
62594827,0.023441577239364908,0.012139691301948995,3.8105734802066777,-0.029141448232199874,0.0038562420644070484,-0.955515397871853,225.03438310449206,3.00154386069769,15.972233183188303,206.06060606060606,E
62594888,0.020816613123150016,0.013150752889254397,3.7747828036127187,-0.04796157770394056,0.01747201790075618,-0.6068404107070169,223.9183405223516,3.6750351082551838,14.182699353490353,206.06060606060606,E
62594966,0.01742368172948057,0.013927685130845392,3.745551774964699,-0.049078785637136954,0.010146991520008827,-0.35213438047978973,223.58265931924169,4.8009053375462605,12.72114792108937,206.06060606060606,E
62595088,0.013836565241082281,0.014125876163582877,3.728668547892001,-0.029727060708648202,0.0006963854063899251,-0.14448880239792486,220.13402809094998,5.327164340088264,11.7765607205587,203.030303030303,E
62595204,0.008583237370796089,0.01384098248084134,3.693060717936656,-0.03399671834903457,-0.002323864389587359,-0.3245118316149506,215.75887210157455,6.11798841561146,9.64088368596309,200.0,E
62595318,0.0065845773496582445,0.014431104472884686,3.6754347160315834,-0.023358138180461716,0.010068681942924535,-0.18647636495522854,215.5039471703003,6.744363579590864,8.759583590709443,200.0,E
62595430,0.004267899754919558,0.015725524625958033,3.66153346451042,-0.01778702321726698,0.008879473479052621,-0.17334569793578541,215.91316781227087,7.848646797619591,8.06452101465129,200.0,E
62595538,-0.0007585807819421518,0.01683226424799529,3.6432850707479423,-0.046364841417774846,0.007899309216368135,-0.15759402913316328,212.68035822744628,9.177729507738867,6.5329317500104285,196.96969696969697,E
62595662,-0.00420789502395756,0.016848602583435453,3.637565704219229,-0.037511578874475274,-0.0006163163841458743,-0.01898604218589825,209.14218477464829,9.854596343887417,5.348194491366944,193.9393939393939,E
62595712,-0.005970560666949468,0.01709141509476934,3.639825137419633,-0.012279082157668542,0.0059684335596572324,0.17336703215872548,209.65704858243112,10.256488491650043,5.4611661513871566,193.9393939393939,E
62595763,-0.007113251105465122,0.017730215080879026,3.6402112480247797,-0.02472096639751009,0.02044889596217866,-0.3688543704980825,210.1891924448457,10.769326823807319,5.480471681644466,193.9393939393939,E
62595870,-0.00836066502087568,0.018385007405309618,3.6395980684928357,-0.0271107342601078,0.008127177318493137,0.00639106594767113,210.7158579241779,11.326651279736685,5.449812705047318,193.9393939393939,E
62595989,-0.010993781075475733,0.0192084406244876,3.642846817807998,-0.034059643120687745,0.007470263580458946,-0.01621583274275929,207.58192124381097,12.261666836195861,4.411163498524195,190.9090909090909,B
62596073,-0.014084888429043868,0.019364562956329243,3.6407569987492936,-0.016057876775329667,0.001971210059506893,0.021170842515409034,208.09798204258266,12.88221858790281,4.3066725455889445,190.9090909090909,B
62596116,-0.016145194120784325,0.01895734441918227,3.626540544245821,-0.05205102674702131,-0.024085000371744835,-0.39135995241286564,207.6590522427676,13.154111513261284,3.5958498204154004,190.9090909090909,B
62596167,-0.019393327989034953,0.016965240194710792,3.6289895909947405,-0.07036260951510936,-0.045564044115054,-0.16856235139576828,202.95496802051215,12.891288677095499,2.1848914646287727,187.87878787878788,B
62596237,-0.021629884510987817,0.015723583543124864,3.6179538294728775,-0.026761915760527034,-0.0058139716692757,-0.15472707953182493,202.37515109698685,12.863259829663479,1.6331033885355057,187.87878787878788,B
62596303,-0.023852529401465147,0.015685192072453037,3.6157089845530943,-0.042875709504951835,0.0016547699280890025,0.19529172053484006,198.55474314445053,13.324067967332484,0.3821903286331938,184.84848484848484,B
62596368,-0.02690182950383272,0.015332206947897933,3.615604439270343,-0.049742279406236475,-0.007072174399378498,-0.03541182443424181,199.08689956085027,13.850997119595839,0.38741759276959414,184.84848484848484,B
62596476,-0.030123678152910897,0.014746688754662349,3.5997160613943158,-0.04806575127340686,-0.00734531612798296,-0.17068419078124153,199.7077923987155,14.391114435537675,3.498496144996049,181.81818181818178,B
62596591,-0.035052911698005514,0.013773464458916033,3.5835405670088347,-0.05070939576155929,-0.009905720138522953,-0.13944587972867298,201.34931915022395,15.223866467771925,4.307270864270223,181.81818181818178,B
62596700,-0.037603450673941025,0.013159634503254558,3.561597687081146,-0.012944298208457177,-8.677621046903796e-05,-0.06874895677537698,202.5839910633261,15.612850761501331,8.183261513945993,178.78787878787878,B
62596812,-0.038139462303977675,0.013261728399460621,3.5397413228684904,-0.007776710546904089,0.0024263511261035167,-0.040548447377002604,203.85895315223698,15.794994639779427,9.276079724578778,178.78787878787878,B
62596927,-0.041597702099906826,0.013525179251307268,3.527458503715409,-0.03261434506783833,-0.0015744515559922099,-0.09644184522461274,205.54682240166326,16.868722931551655,9.890220682232835,178.78787878787878,B
62596976,-0.04570820773639125,0.013355174310409909,3.51378461002592,-0.058492887721395534,-0.00040792716428392374,-0.20661048780936384,207.60675319151557,17.98549747740439,13.863679956535432,175.75757575757575,B
62597103,-0.04744418616461262,0.0131426091046238,3.509756336115563,-0.01183159609436606,-0.00180203115491739,-0.013681785293293516,208.22684520971706,18.404175800088023,14.065093652053267,175.75757575757575,B
62597229,-0.04933044711164801,0.013167592026246044,3.503159875494069,-0.013531023512035742,0.002954802325657781,-0.02593554685523502,209.14620670089133,18.99371426018761,14.394916683127965,175.75757575757575,B
62597318,-0.050478208025336486,0.013300577386303589,3.5016756878783606,-0.006294556931273426,-0.001120008521842576,0.05091561264785791,209.63776379793578,19.411061976446625,14.469126063913398,175.75757575757575,B
62597385,-0.05290516838154972,0.01311242641503145,3.5064841193058376,-0.04905610915065654,0.005180821821088587,0.16706677875907053,210.92251418718664,20.12514510006204,18.070096359851878,172.72727272727272,F
62597448,-0.054684835375986195,0.012528071214337255,3.49772421528434,-0.039690914592286936,-0.003285903830200666,-0.01796111220732035,211.67874206802236,20.44337777982287,18.508091560926758,172.72727272727272,F
62597520,-0.056538548817183426,0.011497676408144865,3.5266640937556555,-0.028279202389280292,-0.03326117803082112,0.8346074366560072,210.44614665947927,20.657776294845565,17.06109763736099,172.72727272727272,F
62597583,-0.058277686936540084,0.010026393442786117,3.5902547579606425,-0.019417083206803666,-0.02474258636482853,0.6314994056286606,207.33656759929568,20.727730444911344,13.881564427111618,172.72727272727272,F
62597650,-0.06018549569290675,0.008438646837688517,3.6649717700800895,-0.01835549058044082,-0.024234637675882843,1.245427969595112,205.07535828270315,20.819889221253828,14.55849936447964,169.6969696969697,F
62597713,-0.060856483661341075,0.0070842490154408265,3.695531631887046,-0.0024585075827070076,-0.017812853703807457,0.7709354188167227,203.29229656838243,20.564820597280942,13.030506274131806,169.6969696969697,F
62597783,-0.0618309246193314,0.005240181564852041,3.727176164260989,-0.016754009435916963,-0.027089566327040508,0.5807382381248734,201.4254940069506,20.280244654546266,11.448279655434634,169.6969696969697,F
62597850,-0.06273781343525942,0.003309486964857491,3.7421260879952443,-0.018620685556204386,-0.03167267087551127,-0.09430501494440259,200.3901106160222,19.992357450330616,10.700783468721916,169.6969696969697,F
62597916,-0.0640452151077278,0.0016849660251935417,3.7418660443648,-0.025409398136135762,-0.026930749821205288,-0.07431667889160001,202.31073906239,19.96445609093455,15.679616304788771,166.66666666666669,F
62598051,-0.06581191446171808,0.0006631759191810636,3.7542172916470684,-0.010722778248243392,-0.005254304404764006,0.07884151939245994,202.02832113369408,20.299600526352016,15.062053940675394,166.66666666666669,F
62598167,-0.06777370462551072,-0.00036886772059069995,3.7622866008660703,-0.012067219540348048,-0.008604665205319438,-0.033971552907324745,202.08013706139533,20.75488191500336,14.65858847972528,166.66666666666669,F
62598274,-0.06851850013463863,-0.0019211847869601468,3.7624076806757136,-0.00590862085430417,-0.013085433193699014,-0.007240591625114378,201.92767948579575,20.608478329885923,14.652534489243136,166.66666666666669,F
62598393,-0.06961583396842269,-0.004500798936098308,3.7593703707357866,-0.010339587204156809,-0.018469328904148298,-0.09079517641828307,204.2189766690763,20.333287640243146,20.249325392469547,163.63636363636363,F
62598477,-0.07075471459656857,-0.005204735765622826,3.7486145320736393,-0.015828374574861047,-0.009803923976611915,-0.16002014130688008,205.021128881612,20.597647919671445,20.78711732557692,163.63636363636363,F
62598560,-0.07250801817361995,-0.005488123236860888,3.741053713678953,-0.010595579893743644,-0.0023619522120979152,-0.16801775623796866,206.0537340717179,21.252212190043064,21.16515824531123,163.63636363636363,F
62598641,-0.07324708642269889,-0.005968149229057779,3.734573694134091,-0.001597617135690072,-0.003665273215002769,0.02983473853872323,206.5640594303644,21.438536571446466,21.489159222554335,163.63636363636363,F
62598729,-0.07447142513409846,-0.007524712345825183,3.7226467446421,-0.009036481051916793,-0.011868167138731971,-0.053460280265040974,207.2990495287986,21.57717919528109,22.08550669715387,163.63636363636363,F
62598782,-0.07463629649574172,-0.008437469502696754,3.716513943214011,-0.0076452168878754275,-0.013652042181603818,-0.059809010136793676,207.46230818646683,21.43379778154486,22.392146768558344,163.63636363636363,F
62598830,-0.07537008249120022,-0.009191312379478438,3.7110559685880347,-0.012988252037651322,-0.015463439051804107,-0.2717688281422312,207.89108594815258,21.58967681193178,22.665045499857154,163.63636363636363,F
62598892,-0.07633327674916818,-0.009817850372998583,3.716339326029158,-0.015917419440999118,-0.014929504853834312,0.22046721633377203,210.6604758844869,21.86849416409691,28.18592111432944,160.60606060606057,F
62598957,-0.07774649467236482,-0.01194665693041944,3.770991644869408,-0.030652251164691474,-0.03278897725721366,1.0103138569404313,208.04370687681387,21.984341098436374,25.45330517231693,160.60606060606057,F
62599022,-0.07919629705112356,-0.014618944301558018,3.819245145710362,-0.02455914778936706,-0.04154824298412775,1.013272103430389,205.730203385705,22.08351264937519,23.040630130269236,160.60606060606057,F
62599089,-0.08017085439357806,-0.017112607374452495,3.8851506437388217,-0.021584507707779418,-0.03453536355971409,1.2203403473834042,202.4422327631674,22.09081692826058,19.745355228846254,160.60606060606057,F
62599226,-0.08050383623820148,-0.01943582337782225,3.9247595117139458,0.00011654122342985359,-0.015894077752488217,0.27716515783159307,203.0782227962685,21.80791548375486,23.69454973675607,157.57575757575756,F
62599343,-0.08052808195472821,-0.023800766730153147,3.9587872502956545,-0.0013796143749303588,-0.03468865894332587,0.15096046200657767,200.69562290263363,21.126702519205427,21.993162807670636,157.57575757575756,F
62599411,-0.08184971816924022,-0.026235032560605574,3.9793075885165616,-0.020335759034518543,-0.033402604571416944,0.37889575311627677,200.01856961283235,21.475666140449512,20.967145896625283,157.57575757575756,F
62599464,-0.0828497580225462,-0.02764817342424588,3.9868034125964025,-0.022231876719714112,-0.030291790029763947,0.08659219951201769,202.75152831673333,21.76180787709863,26.444265894180173,154.54545454545453,F
62599526,-0.08311216942812566,-0.028832326645820746,3.9923644250214454,0.00525346652366458,-0.016647561486273294,0.09791803796357319,202.45511341114553,21.743443592762954,26.166215272928046,154.54545454545453,F
62599654,-0.08330140378290796,-0.03036899200580709,3.995528468442703,0.00226226133867651,-0.009634376070212988,0.061141428005312394,202.22412550510973,21.670657857790047,26.008013101865153,154.54545454545453,F
62599753,-0.08295881602672671,-0.03279400465393445,3.997785269841856,0.0015545126741315913,-0.01454024146999139,0.029686137970498027,201.73509557601852,21.294467998656494,25.895173031907508,154.54545454545453,F
62599854,-0.08346201994495028,-0.034863494413071225,3.9930436527875055,-0.00404505160608211,-0.01298944868440726,-0.1376048058612309,202.09823114112015,21.420522711040597,26.132253884625012,154.54545454545453,F
62599957,-0.08436139663565609,-0.036318566797257014,3.987088923182978,-0.002911121661985063,-0.007551126727737118,-0.11147151621274368,205.25490840662528,21.743289318862466,31.99646757261131,151.5151515151515,F
62600062,-0.08528211999563419,-0.03781817063796998,3.980732886103218,-0.00707626886939824,-0.010333694026544,-0.07475883897903024,205.93144573330258,22.10202479155178,32.3142694265993,151.5151515151515,F
62600179,-0.08557633593739068,-0.039644141981756885,3.9748072046177088,0.010473151962192086,-0.006388507879245255,0.03609949746450277,206.2907398720301,22.16503485600384,32.61055350087476,151.5151515151515,F
62600253,-0.08597274617156599,-0.04211922708347801,3.9701849253081045,-0.0028240167338165235,-0.023448308659170313,-0.07132230618226089,206.66705435991017,22.31023537840368,32.841667466354984,151.5151515151515,F
62600300,-0.08610198420014208,-0.04294814771441034,3.9666469234378896,-0.0029610900329777286,-0.015826567692990925,-0.1816003865777478,206.90630990940514,22.372590834387914,33.01856755986572,151.5151515151515,F
62600366,-0.08641289454510265,-0.04502465852547913,4.006993459138088,-0.008109422997756095,-0.04102338995752337,1.0361339631858706,207.08788048458285,22.47890840653815,36.12412359319625,148.48484848484847,F
62600486,-0.08673029425367151,-0.049338533496508484,4.111640066733811,0.001092712001012178,-0.03482868727910706,0.9260514908988824,202.03358887629082,22.656947178032233,30.89179321341011,148.48484848484847,F
62600535,-0.08712098711765497,-0.052625824803055374,4.1614342526416195,-0.029843149426371465,-0.08548552024914584,0.8150228997525735,201.40750117111907,22.965040210419335,32.987915506154295,145.45454545454544,F
62600603,-0.08594773730592438,-0.05485316457595021,4.201902823059009,0.017689746647093985,-0.03792938323075079,0.4964873196512589,198.86800218755212,22.44896974772187,30.964486985284818,145.45454545454544,F
62600687,-0.08497988042821458,-0.057095109101294575,4.232608487570991,0.01920394188205157,-0.020073778053948367,0.6615283435167054,196.97936907465095,22.095619860419767,29.42920375968574,145.45454545454544,F
62600763,-0.08453223019678961,-0.05931817563920104,4.241331330054316,-0.0012886895604713872,-0.03497765552967729,0.023125082598279802,196.50607527743193,22.058468187367033,28.993061635519478,145.45454545454544,F
62600832,-0.08432727903410127,-0.06125975494682081,4.253780299407398,0.006928953431506359,-0.02504102990492092,0.2631532090233496,196.89525595652077,22.085261530131984,32.38575200214639,142.4242424242424,F
62600910,-0.08428370403721733,-0.0628295390901672,4.274257331217484,0.0170436060635825,-0.010290314547663049,0.02210333341165151,195.97121177682226,22.185068940937736,31.361900411642097,142.4242424242424,F
62600968,-0.0845701185740924,-0.06476438654578918,4.2881631535060585,-4.4179588034659245e-06,-0.0314539426880366,0.01073017709288347,195.60247032746452,22.51161860600874,30.66660929721338,142.4242424242424,F
62601016,-0.08416484679176085,-0.06655448023402788,4.296544981566734,0.02808623742111244,-0.021072781329050348,0.4724886516882286,195.19418070676852,22.522420388346507,30.24751789417962,142.4242424242424,F
62601077,-0.08372884977328898,-0.06834900614223369,4.31720444727001,-0.006439347395547746,-0.044540689322446744,0.5085199174317986,194.57276628225358,22.509753323359444,32.669073564954736,139.3939393939394,F
62601207,-0.08251845646333242,-0.06973283886139381,4.313172366509123,0.010882760807018773,-0.0039999192880402655,0.10254041113925909,194.32917566841022,22.06455867147175,32.870677602999066,139.3939393939394,F
62601320,-0.08227443937741655,-0.07281372345303011,4.317788595333955,-0.0024697291091733808,-0.027493439540522146,0.011502587886883504,194.38485090446196,22.35104534876507,32.63986616175749,139.3939393939394,F
62601435,-0.08203229520617077,-0.07458420304486817,4.3213946787211635,0.0004759077389410999,-0.02192223446834242,-0.043558304859854166,194.3673997844939,22.51389839815746,32.45956199239705,139.3939393939394,F
62601551,-0.0819759559658829,-0.07769070655046575,4.32547057915756,-0.0011640165249557181,-0.02885433785671155,0.0047219467662487245,194.45118038116004,22.9019436563129,35.18560036121078,136.36363636363635,F
62601604,-0.08117718120062395,-0.07871910425718025,4.324272094403261,0.014901366551285237,-0.019125989219305244,0.031148172375327646,194.28954996723758,22.6803890046755,35.24552459892575,136.36363636363635,F
62601646,-0.08041967778352868,-0.07967566169054859,4.328806054807185,0.028842192383375823,-0.015458106512006981,0.24877065532099307,193.86492193338307,22.48245899101715,35.01882657872956,136.36363636363635,F
62601712,-0.0805035990515365,-0.08115001860569274,4.33044378928695,0.007566116409097993,-0.018364230077319615,-0.013368063247512371,194.08678123047258,22.78620501209496,34.93693985474129,136.36363636363635,F
62601783,-0.07969405965445686,-0.08316933954008189,4.377562357934304,0.00917517239395257,-0.037004933545030365,1.1723935552031968,191.0977771100351,22.730939989159527,35.03350378754227,133.33333333333331,F
62601847,-0.0791939259747997,-0.08616019598589827,4.440657400977106,0.008953302114854482,-0.04086293922004464,0.5581078732470149,188.22637292741535,23.014287958679873,31.878751635402185,133.33333333333331,F
62601916,-0.07797787232973204,-0.08896044300243704,4.520646812507858,-0.002698834250124659,-0.05384400705024681,1.9179954456791606,183.21076271450164,23.00405669593362,29.903675715537748,130.30303030303028,F
62602036,-0.07659761224521261,-0.09133857293849205,4.550366873423534,0.010796326247217892,-0.018894850351350925,0.03368910483491861,181.51164681649288,22.79094384370865,28.417672669753934,130.30303030303028,F
62602133,-0.07376710482538622,-0.09400987020808439,4.622569041947445,0.020103411583925493,-0.012266612976189443,0.2689306119024814,177.19005898298153,22.079464436392854,24.80756424355838,130.30303030303028,F
62602208,-0.07202743754119559,-0.09677574879953026,4.646303727963121,0.012280212938041284,-0.025766785245156996,0.2721500868707889,174.35510846322484,21.819574610011806,25.26280658048578,127.27272727272727,F
62602292,-0.07137073814028745,-0.09871587869881743,4.641170322852324,0.006217623562656297,-0.027974011825611777,-0.4848488147027113,174.74490696684728,21.952702858094387,25.51947683602564,127.27272727272727,F
62602345,-0.07049467558215312,-0.10003297116112335,4.655803393854203,0.02142530799762122,-0.012569856098355174,-0.7489837799311467,172.21063403148105,21.881363635681726,26.08684615337509,124.24242424242425,F
62602383,-0.07006637587833413,-0.10213497541558482,4.68608964603591,-0.00144041551183358,-0.08468676737077616,-0.4349915367473582,170.9233443310974,22.108386544383414,24.572533544289755,124.24242424242425,F
62602446,-0.06913102439384715,-0.10345947277341339,4.70161436058806,-0.011612392014395095,-0.06932425902735687,-0.28881986484756417,170.01899186061172,21.980269801505237,23.79629781668223,124.24242424242425,F
62602580,-0.06703912554765004,-0.10388268136594644,4.718211473346061,0.01276672325334253,-0.005511951883123231,0.19151704295870006,168.36581822787306,21.156951806666633,22.966442178782188,124.24242424242425,F
62602687,-0.06554200071348698,-0.10678474348043593,4.739018078432708,0.006346781426040641,-0.026203843882158264,0.2836478688819255,165.27949679751504,21.15293761117771,22.914437974216145,121.21212121212119,F
62602800,-0.06429631022704445,-0.10801552004210938,4.73595765108502,0.01392433628684392,-0.012399734340576975,0.16861826391442203,165.15576759048082,20.876187036759074,23.06745934160055,121.21212121212119,F
62602917,-0.06346664701770942,-0.10996305239877184,4.745453438030228,0.010689409972953926,-0.01800622952976833,0.059525106484236576,164.79937617090977,20.994584964448435,22.59266999434014,121.21212121212119,F
62602997,-0.06209406817616139,-0.11162660576951691,4.749073954120058,0.014720484526664121,-0.007945503262952626,0.015372633034951831,162.07123513704335,20.77522416327098,23.114192791954174,118.18181818181817,F
62603087,-0.06089921539869357,-0.1131138002290841,4.755651755960002,0.022677464821406815,-0.014839625618530286,0.1849450185333538,161.55200952275305,20.584888640977887,22.785302699957,118.18181818181817,C
62603181,-0.060143180275604335,-0.11374646557886542,4.759153854725064,0.008278894646631231,-0.003870730766313219,0.035058956476746596,161.20132679920505,20.409310855682993,22.61019776170389,118.18181818181817,C
62603233,-0.059752013832246015,-0.1156696067900265,4.738349021056626,0.005353502783435508,-0.025986697561616295,-0.6368498684404801,162.5715330869729,20.739275460028956,23.65043944512577,118.18181818181817,C
62603298,-0.05919627790240226,-0.11887665724637753,4.686491102449422,0.011889535546210351,-0.054235333814182635,0.20356420715110252,163.0594096982515,21.22996966085186,26.67792488588451,115.15151515151513,C
62603360,-0.05946679732897831,-0.12135464930730055,4.655450323459936,-0.010594629298246087,-0.0374084874319443,-0.3759656788433438,165.3482359153068,21.966756928432876,28.229963835358777,115.15151515151513,C
62603426,-0.06078044863302849,-0.12290713584862951,4.6535349309145495,-0.02297472301787421,-0.021606082176230734,-0.010921498986181222,166.41093663782635,22.93368802368314,28.325733462628094,115.15151515151513,C
62603552,-0.06255863355937023,-0.1252231914179727,4.636308390035365,-0.012335925330029992,-0.01742504211868077,-0.20135546604125923,165.7595826701631,24.273641471181538,29.364729077769454,112.12121212121211,C
62603663,-0.06370766567675425,-0.12907699154739316,4.6304858101518045,-0.0016288795486697337,-0.02221798390019952,-0.03290780116094503,167.46500705543195,25.68793686227235,29.6558580719475,112.12121212121211,C
62603780,-0.06311443203670065,-0.13334969143665568,4.6090471202522245,0.005868753056949969,-0.026250555402564494,-0.2664101914860172,166.226752206394,26.48279053436468,30.653052581120242,109.09090909090907,C
62603903,-0.06339752325816955,-0.13428335213900852,4.609709094359001,-0.002281307361643557,-0.0032814223036272665,0.017713616031097387,166.538314221324,26.827451254633495,30.61995387578142,109.09090909090907,C
62603963,-0.06433011276001013,-0.13594507923097798,4.622766554660937,-0.014541397050866588,-0.030075218216322593,0.13132175847043903,166.69596763237723,27.637977680783525,29.967080860684625,109.09090909090907,C
62604001,-0.06495205122418866,-0.13758165827178925,4.617178635578247,-0.016265631674128388,-0.0442653307412877,-0.010591112362156874,167.6545757670586,28.31718986133039,30.246476814819133,109.09090909090907,C
62604105,-0.065209116035559,-0.13927166309158448,4.616384557322992,0.003984976345792913,-0.018774859457756813,-0.08203854605973493,164.8826818756821,28.86494173460712,29.95713408046892,106.06060606060605,C
62604222,-0.0648821765729256,-0.1417213616545112,4.625216742751521,0.005628031009912814,-0.027477435466255272,0.08067304620097099,164.85800844675077,29.281877577102218,29.5155248090425,106.06060606060605,C
62604336,-0.0646685295134633,-0.14322659953114605,4.630067259563633,-0.0011851873386169005,-0.010039362205511075,0.053349689895269,164.88885335944065,29.555248330397724,29.272998968436863,106.06060606060605,C
62604441,-0.06489037715349459,-0.14396450622783025,4.6399949241343865,-0.00521316249960685,-0.011386000042675757,0.11388148895459439,164.67346707168414,29.83624527117891,28.776615739899192,106.06060606060605,C
62604503,-0.06531793903004453,-0.1455895571386411,4.645830897960506,-0.006133909839646572,-0.027882507604191892,0.1178973078861934,161.3483924045502,30.424983487290095,27.89310588695707,103.03030303030303,B
62604571,-0.06554786579286209,-0.14756667087084432,4.647306922443152,0.001978572098014669,-0.016651537083954292,0.021856413378078594,161.82321364834456,30.97360595521672,27.819304662824813,103.03030303030303,B
62604621,-0.06512364234033227,-0.14869724164092019,4.6475426920218945,0.005567932145682552,-0.042863954398354616,-0.1329579304933044,161.89103830361145,31.05321908942076,27.807516183887664,103.03030303030303,B
62604666,-0.06430722045358603,-0.15292747278948238,4.661717691095654,0.00969720832725222,-0.08937019800858707,0.30119802204292284,114.43006142724215,30.033765389704396,57.12356876481051,27.27272727272725,B
62604736,-0.06349945844745714,-0.15604182595081117,4.6663631821964575,0.015618764134950839,-0.03688851992847096,-0.13492627639450075,113.06896090131615,28.4403903087382,57.3558433198507,27.27272727272725,B
62604839,-0.0633765949093715,-0.15812808324293018,4.64678986590244,-0.005281671924336633,-0.03278583851498135,0.028786982578408168,111.10628780922337,27.456383031346313,56.3771775051498,27.27272727272725,B
62604956,-0.06440012215637754,-0.1612798181414567,4.686383979801836,-0.010585244313275618,-0.0341171091805568,0.34751758407235234,109.49271067427709,26.16270283885077,59.087583593002094,24.24242424242423,B
62605070,-0.06541284740097009,-0.1666662541733511,4.668762802081307,-0.005255618507003697,-0.033349872941319615,-0.0921766247523369,106.28260920720588,23.833660257806013,58.206524706975635,24.24242424242423,B
62605189,-0.06566352398333974,-0.17317350708994092,4.657628853316595,0.002504928171416098,-0.043223811351422725,-0.0960072472002028,100.14435544616936,20.82116389306651,58.111070340981655,21.212121212121183,B
62605309,-0.0654044406537466,-0.1746475961863996,4.653284436259446,0.0021958452050090684,-0.01573437020827798,-0.04822547232203692,99.1877201749559,20.081749474710545,57.89384948812418,21.212121212121183,B
62605422,-0.06564742987399882,-0.17630092381362597,4.657382502317007,-0.0076391955683110845,-0.03149690111400841,-0.058916983737520745,98.65429725950776,19.34342325638433,58.09875279100225,21.212121212121183,B
62605567,-0.06654612247494833,-0.17979743493590816,4.660355772772306,-0.009794283761366955,-0.03728465665528381,-0.07857863922582488,97.34540571408468,17.885868188196305,58.2474163137672,21.212121212121183,B
62605640,-0.06740926371313347,-0.18463522235745805,4.660730243420525,-0.004515099740937709,-0.02424966841295726,0.03715249638737475,92.39939620947862,15.747937793680864,58.46964023397959,18.181818181818166,B
62605705,-0.0672652975632775,-0.18529151027388682,4.665218670930103,0.002749387854559178,-0.008088908539917426,0.06479154931895287,92.28936717969822,15.413487388421546,58.6940616094585,18.181818181818166,B
62605775,-0.06749051867788805,-0.1862937319667382,4.672261899423534,-0.005899920962447176,-0.019699330210264748,0.10570566752578571,92.20128483178667,14.973243615838456,59.046223034130044,18.181818181818166,B
62605900,-0.06741649597424705,-0.1866343548053805,4.675155727723305,-0.00017139824977155824,-0.004271720906985161,0.10530206751074689,92.17285030590793,14.800117674971155,59.1909144491186,18.181818181818166,B
62606000,-0.06837259965033542,-0.19100780346089663,4.686180545183662,-0.009023418180175219,-0.04065224138517233,0.041753441463081124,90.86263014908013,12.93865664512551,59.74215532213646,18.181818181818166,E
62606045,-0.06884940041176711,-0.19242224563776372,4.670688907042401,-0.016808919667004464,-0.043549736756758245,-0.6520676004088559,89.5498318492007,12.400440252309116,58.967573415073424,18.181818181818166,E
62606111,-0.0696877961147985,-0.1954197998444505,4.610609793277,-0.012895385271107507,-0.035434799001463846,-0.6893176722382318,82.1446738963516,11.07861475744363,55.91454398739286,15.151515151515117,E
62606183,-0.07058043698051618,-0.19721652177592336,4.543877783565083,-0.006869318764517287,-0.017941696005925167,-1.0968357510807742,78.09857687561072,10.369118222298573,52.57794350179702,15.151515151515117,E
62606278,-0.0725595281834785,-0.19850522922628744,4.487236189926631,-0.025192254720457437,-0.023332937469582912,-0.48001537261493704,75.07483073140202,10.177451760012483,49.74586381987442,15.151515151515117,E
62606416,-0.07437659622477717,-0.1999016981906372,4.461479436991316,-0.012883964646945219,-0.012027441502379492,-0.10274375617058089,70.06241052831078,9.78606637099314,48.155132036105535,12.1212121212121,E
62606528,-0.07826324758167584,-0.20600937765921526,4.433836547819677,-0.030701398419534214,-0.0561716703913868,-0.26684947132989034,62.923871131407765,7.624382502150238,46.208579538348445,9.090909090909083,E
62606646,-0.07974359151590578,-0.20912607280283213,4.416157718856102,-0.01784659600254087,-0.040468934543549766,-0.23035556670548354,60.836342016749214,6.420794835670443,45.324638090169685,9.090909090909083,E
62606764,-0.08080843061971066,-0.20950170789684536,4.413752031533416,-0.013032833682576926,-0.0036041681485896255,0.0748104131842195,60.80137088669946,6.5061080717549595,45.204353724035414,9.090909090909083,E
62606878,-0.08290106625390417,-0.21119363086022108,4.419861375743971,-0.02203753503088573,-0.015194661227895543,0.15742522025932065,56.776248062992956,6.046073021032441,44.66956898135448,6.060606060606033,E
62606937,-0.08531966809492642,-0.21498079126826805,4.404773683248918,-0.033034760683047365,-0.06874870582387112,-0.30700548500088615,54.853721908206815,4.877931490998937,43.91518435660184,6.060606060606033,E
62607000,-0.08606470568724275,-0.216376683415573,4.4128235673090845,-0.014466463011313564,-0.030803056966367308,-0.09670581984899544,50.55043199755945,4.339812793661894,43.18031617359454,3.0303030303030165,E
62607053,-0.08682822136390213,-0.21816449860262838,4.416694286537998,-0.015772098556005122,-0.032625599581111414,-0.028545960186435466,49.96644316532774,3.562287999984478,43.373852135040245,3.0303030303030165,E
62607118,-0.0874447976990086,-0.21896628709177154,4.426598584761505,-0.011411211725770648,-0.01470229906356609,0.21916590924266102,50.20379469447197,3.3044246179533796,43.86906704621558,3.0303030303030165,E
62607250,-0.08798220377291502,-0.21909681593614141,4.43456071903771,-0.007280977279191674,-0.009740471944600667,0.04523674725996846,50.66948918502655,3.372012394697725,44.267173760025806,3.0303030303030165,E
62607350,-0.08944238055191364,-0.22067535447036202,4.446088123929283,-0.013554075247960241,-0.01796328556437931,0.1360277787292713,51.09711821911154,3.223271184204036,44.84354400460449,3.0303030303030165,E
62607427,-0.0910427514025273,-0.22322430489612216,4.454464536306977,-0.018131249676597128,-0.021595993415040544,-0.040558288389008386,45.89975775561363,2.1003738519351485,43.79938390367848,0.0,E
62607496,-0.09269039154270459,-0.22588994166988552,4.404706644918641,-0.015428624653976205,-0.025384033451136014,-0.9400211031383697,43.00813782905315,1.6966484947914682,41.31148933426168,0.0,E
62607561,-0.09525720618551903,-0.22969106852006982,4.361246981882556,-0.0520792979038456,-0.08454623102888209,-0.9682040658727359,42.26825672980194,3.129750547344521,39.13850618245742,0.0,E
62607636,-0.09699064790807425,-0.23181229743826792,4.2949012871459775,-0.043937185117971865,-0.07893465984989571,-1.1056165461053724,40.21747673844114,4.396255292812645,35.821221445628495,0.0,E
62607694,-0.09848153841044681,-0.23083558491725636,4.279578374618634,-0.0509197688862549,-0.03332120750660954,0.150227381035103,39.89221861546807,4.837142796206745,35.05507581926132,0.0,E
62607758,-0.10053544975268977,-0.23054466402854382,4.247109783034867,-0.0373898115748771,-0.02156058778438576,-0.5177210786715286,39.18676921080235,5.755122970729391,33.431646240072965,0.0,E
62607827,-0.103441958099874,-0.2329224277577705,4.236361396426087,-0.042871518302362494,-0.04249279452206814,-0.16318812916272146,40.42208385214997,7.527856942515988,32.89422690963398,0.0,E
62607980,-0.10681536360090316,-0.23636726364681354,4.212659821597891,-0.022724329009635037,-0.025721291066967654,-0.2245030831147144,41.501002251770885,9.791854083546694,31.70914816822419,0.0,E
62608058,-0.10850007463688675,-0.23788070235505476,4.2011826464766635,-0.006778770336611633,-0.003325985805151672,0.06210883300984669,42.02995034584475,10.894660933681962,31.135289412162788,0.0,E
62608124,-0.10966609505109202,-0.23861085521673445,4.192541073278609,-0.017160314099757972,-0.013849998314937823,-0.17637152289358327,42.285117915622216,11.581907163362143,30.703210752260073,0.0,E
62608186,-0.11080622739320786,-0.238264681414424,4.190975197025868,-0.004110195165724016,0.034205126418270206,-0.6939647929601758,42.62430627800499,11.99938933838194,30.62491693962305,0.0,E
62608258,-0.11382376166868026,-0.24089816242271656,4.20237147743358,-0.060531874249313784,-0.0699144911845248,0.3257704652692447,45.1490773645782,13.954346404569575,31.19473096000862,0.0,E
62608328,-0.11606055002263149,-0.24223652499036988,4.183983268865566,-0.05407292333360536,-0.06430519617099276,-0.20151420074552523,45.53263174187259,15.257311210264678,30.275320531607914,0.0,E
62608458,-0.11737116910573259,-0.24276331854777178,4.188168918803926,-0.016542362745474444,-0.016135305484821214,0.02703599409265213,46.442025599699434,15.957422571173499,30.484603028525935,0.0,E
