CV Data Logger started on:,2022-2-10_154831
Timestamp (millisec since midnight today),x,y,theta,xdot,ydot,thetadot,cost,last action
56911836,0.10228801261482474,0.1471195097848967,4.21128098351681,-6.986188440481266e-05,-3.056897037515613e-05,-0.0158535887139074,300.49773378977994,0.022842663171272034,0.47489112660869276,300.0,I
56911837,0.10203126242145995,0.1466850545261783,4.19886867687917,-0.007749795714003175,-0.013113678544180241,-0.3746553781348198,301.36669100227294,0.2711845437823263,1.0955064584906422,300.0,I
56911839,0.10182969473318015,0.14642143946812425,4.183226928289439,-0.003416676747961935,-0.004468411812193308,-0.2651357425393213,302.31445142240904,0.43685753443174974,1.8775938879772962,300.0,I
56911841,0.10180629362067027,0.14635123577458656,4.191384679826695,-0.0004701614755852424,-0.0014104915794612453,0.16390077602481307,301.9421597382188,0.4724534271043797,1.46970631111441,300.0,I
56911842,0.10199669643870045,0.1465909958554335,4.191775206190105,0.0035938820018416827,0.0045255078061889635,0.007371244203338061,301.77034513135715,0.3201651384129622,1.4501799929441757,300.0,I
56911843,0.10180081877772061,0.14639010221425314,4.200096340673136,-0.004317760196757232,-0.004428328188784642,0.183423995788858,301.49210218897974,0.45797892018713343,1.0341232687925817,300.0,I
56911846,0.10198157296591714,0.14658073436273067,4.194536317704009,0.009513232210727054,0.010033116872095495,-0.2926282933193816,301.6406273841789,0.3285029669300518,1.3121244172488542,300.0,I
56911847,0.10173109910750651,0.1461565521484556,4.21401964297859,-0.004281373812972375,-0.00725058748904867,0.3330303575371877,300.91272246103,0.57476430750995,0.33795815352006064,300.0,I
56911848,0.10171139287979865,0.14592374457802357,4.223133354947259,-0.0009284661061309715,-0.010968813595441265,0.4293958635509931,300.79899417839323,0.6812667334792367,0.1177274449139688,300.0,I
56911852,0.10146529652823257,0.14540373694663067,4.226238989364439,-0.011329318857182366,-0.02393912882790682,0.14297132949011584,301.2418406389999,0.9688314732276672,0.27300916577223855,300.0,I
56911854,0.10168239327621181,0.14568399320798783,4.219956596838001,0.00845358781993382,0.010912972854368059,-0.24463174799197632,300.8368560726122,0.7957456120639955,0.041110460548202124,300.0,I
56911855,0.1020099422119598,0.14604261917824693,4.225639012044702,0.010232071762471602,0.011202865474734187,0.17750898822599356,300.8134978528316,0.570487553045839,0.2430102997857167,300.0,I
56911856,0.10183105043741306,0.14575752531056724,4.224723989758811,-0.0026798618705458385,-0.004270806678825815,-0.01370735653370781,300.9310917184715,0.7338325329805184,0.1972591854909752,300.0,I
56911857,0.10212781349104032,0.14603554925788054,4.223545002673261,0.006115030522628517,0.005728896852429189,-0.024293933917313732,300.69862983749107,0.5603200062770228,0.1383098312140513,300.0,I
56911859,0.10218678399955347,0.14616709639663894,4.208206455648419,0.001475935600116686,0.0032924102247432656,-0.38389880261891846,301.11922525675703,0.4906077367287336,0.6286175200282987,300.0,I
56911861,0.10219853913484343,0.14607005806761816,4.2154725528052275,0.0006295437953883992,-0.005196867279107732,0.38913430334265403,300.8032183217008,0.537905659512083,0.26531266218873223,300.0,I
56911862,0.10239037192244699,0.14630255396845313,4.220939986570142,0.007679947200709574,0.009307878309541,0.21888647484335966,300.4267880979959,0.4187290719671618,0.008059026028729531,300.0,I
56911864,0.10210956276954253,0.14595858253769145,4.215293866266269,-0.008532054658397233,-0.010451165917601748,-0.1715507010446853,300.8740684425883,0.5998214534515556,0.2742469891367393,300.0,I
56911865,0.1022125935491701,0.14614159447763003,4.223220828152289,0.0031711986491260464,0.005632949869980808,0.24398505879006846,300.62365501580155,0.5015539106401758,0.12210110516135878,300.0,I
56911867,0.10176543703441171,0.14536513878561522,4.223519722382799,-0.012250310965304712,-0.02127179939020183,0.00818851374995911,301.06723288760423,0.9301870709148825,0.13704581668937546,300.0,I
56911868,0.10194693666282571,0.14559848935488667,4.217206950531631,0.005739891707234323,0.007379667986892167,-0.19964022579446214,300.9717171433871,0.7931243675188923,0.17859277586821384,300.0,I
56911870,0.10230997174720016,0.14583382265539058,4.223269946097559,0.010449638382415735,0.006773857391341552,0.1745178741809542,300.77663332042056,0.6520763179892433,0.1245570024313244,300.0,I
56911871,0.10266972435802675,0.1463214720267104,4.216394380667328,0.010128216447737657,0.01372892992209869,-0.1935697275912897,300.66135617040294,0.4421349013205039,0.21922126908246278,300.0,I
56911871,0.10300548412208191,0.14668458605818505,4.216398984572844,0.0076178341145240495,0.008238457232104696,0.00010445500697387676,300.62577211245133,0.40678103864393905,0.2189910738073714,300.0,I
56911872,0.103121586306151,0.14682515746345667,4.215549940567501,0.0031153182379678383,0.003771889961336858,-0.022782019958433316,300.68705465017274,0.4256113760986752,0.26144327407405393,300.0,I
56911873,0.10322562783608333,0.14685711928718828,4.2183013136742655,0.002846754246246063,0.00087453017544916,0.07528227506633192,300.59323137974786,0.4693567610131348,0.1238746187347038,300.0,I
56911874,0.10367967906667618,0.14763251653398987,4.203120503823646,0.01266276292375131,0.021624589575845746,-0.4233685169797897,301.6017187829471,0.7188036716799355,0.8829151112671836,300.0,I
56911874,0.10366329858592309,0.14758829582105365,4.201007767475608,-0.0004320670880840289,-0.0011664074430631627,-0.05572753666671575,301.69228592610835,0.7037339974393656,0.988551928669003,300.0,I
56911875,0.10325798450595582,0.14700241594793956,4.1981091005472475,-0.006068843345779331,-0.0087724886578369,-0.043402280772561135,301.60245704185115,0.4689717667640298,1.133485275087126,300.0,I
56911876,0.10339303059062777,0.14705570224974418,4.201339908927042,0.002005354225521489,0.0007912699634786858,0.04797558738566574,301.50511030604844,0.5331654499508032,0.9719448560976073,300.0,I
56911877,0.10309751041798748,0.14644577980718496,4.203449334735667,-0.004395348426030347,-0.00907153519826358,0.03137403895284058,301.3832427502139,0.5167691845473698,0.8664735656665624,300.0,I
56911879,0.10418656067551364,0.1474807122307361,4.218223270616054,0.014055355602971836,0.013356907211150916,0.1906734065019589,301.0718219994325,0.9440452277833246,0.12777677164917553,300.0,I
56911882,0.10420218367049948,0.14757292257016505,4.207540378656444,0.00014505694765112122,0.0008561578872400424,-0.09918890079351729,301.62302521466967,0.9611038450424557,0.6619213696272386,300.0,I
56911884,0.10422544490530619,0.14754042479902302,4.207072046060063,0.0005345248906716467,-0.0007467732350027259,-0.010761914918051192,301.65426845496233,0.9689304555160959,0.6853379994462377,300.0,I
56911885,0.10433680306592732,0.1477219760228375,4.210553365019965,0.0013619582974452153,0.002220449712048529,0.04257803125560176,301.5563830658718,1.0451110144203868,0.5112720514514254,300.0,I
56911886,0.10421336450697255,0.14741662721374407,4.204732688794385,-0.0029370587457212354,-0.007265374756780447,-0.13849536286806405,301.75431635082674,0.9520104880968437,0.8023058627298731,300.0,I
56911888,0.10504051009374446,0.14838697187451858,4.2011042766425435,0.01902101529762529,0.022314016941796775,-0.08343885786251364,302.4760367392599,1.4923102689375862,0.9837264703223103,300.0,I
56911889,0.10440820279847614,0.1475662683024982,4.200390965829861,-0.014147492893273793,-0.018362745518720656,-0.01595989755082271,302.0804111314118,1.0610191204555688,1.019392010956231,300.0,I
56911890,0.10445042143089639,0.14746308270338393,4.210353965948068,0.0010085879070159559,-0.0024650667603084426,0.2380124807643386,301.59391930286597,1.0726772978200452,0.521242005045909,300.0,I
56911892,0.10478531467960167,0.14788489119225018,4.194698233389338,0.0066613114139669576,0.008390129428573893,-0.31140582974026604,302.58731887526284,1.2832902422802297,1.304028632982628,300.0,I
56911893,0.10504078140407577,0.14815568240885696,4.191825860421841,0.00874326901501911,0.009267744981548125,-0.09830606948123247,302.89549877518147,1.447851493823681,1.4476472813577956,300.0,I
56911894,0.10509251935095583,0.14814563152079788,4.194626289535949,0.001995592112990464,-0.00038767431157933966,0.10801577159718642,302.7779937379265,1.47036791227451,1.3076258256520294,300.0,I
56911932,0.10496117746591069,0.1478168071118682,4.197310887913034,-0.005177565520468961,-0.012962429474631944,0.10582826635022807,302.53214676698076,1.3587508601831366,1.1733959067976427,300.0,I
56911964,0.10480281026944956,0.14756948722002505,4.200876480884359,-0.002673138496523803,-0.0041746039496524745,0.06018496284313495,302.2502839718041,1.255167713572401,0.9951162582316903,300.0,I
56912001,0.1050634686822768,0.14793537088158296,4.205463411285834,0.008334392641659366,0.011698905335592057,0.14666428208166882,302.1895553737928,1.4237856356353618,0.7657697381574657,300.0,I
56912031,0.10471306071013424,0.14728739254576145,4.210799098715608,-0.009299361316013915,-0.017196482810904953,0.14160204454080266,301.6929268520324,1.1939414853631498,0.4989853666692036,300.0,I
56912066,0.1046162174403187,0.1471391262365971,4.211080590920824,-0.003183033703680843,-0.004873200379224614,0.009252054151348303,301.62808636487705,1.1431756084696765,0.4849107564073778,300.0,I
56912132,0.10441942587716138,0.14664852535167444,4.221861829584896,-0.004193234595058018,-0.008470907550696842,0.24085470559300215,301.1271924979407,1.0730413211479315,0.05415117679279465,300.0,I
56912215,0.10473652825657088,0.14691373783394635,4.221185020720399,-0.0026509914209458937,-0.005004807715969673,-0.1244326708566784,301.2288464960608,1.2085357624943052,0.0203107335664534,300.0,I
56912286,0.10545269742915815,0.14786581588678138,4.224163633003595,0.010870444925969263,0.014226431832526913,-0.028787567453089302,301.77252277083545,1.6032814231065395,0.1692413477289097,300.0,I
56912355,0.10613838031263137,0.1487613061796922,4.213070524740048,0.014421521062741537,0.01928218832640394,-0.13390730955244196,302.45546676043404,2.070052694987173,0.38541406544688034,300.0,I
56912456,0.10615716579863924,0.14873857791294717,4.182765566550335,-0.003467599187864937,-0.005373401613349834,-0.4716532096733632,303.97494701909756,2.0742850441650194,1.900661974932533,300.0,I
56912522,0.10606566732669591,0.14843297124954308,4.185816688180009,-0.002265117704547012,-0.004559294937206442,0.17883288029742786,303.72507419834056,1.9769683048915256,1.7481058934490443,300.0,I
56912565,0.10585848099115604,0.14802524432004513,4.205456252594752,-0.027579335953645083,-0.036600569312271104,-0.03510093214814215,302.58537444065666,1.8192467679450783,0.7661276727116028,300.0,I
56912634,0.10582256798355238,0.14797050855912208,4.2021460159399755,-0.012331634146412243,-0.015602320162496575,-0.16010778620021207,302.72693386454165,1.7952943590911594,0.9316395054504817,300.0,I
56912707,0.10596196088996873,0.1480376252024198,4.1973248080905154,0.006063698705646035,0.007719736948428424,-0.33992195928190877,303.04364564891256,1.8709457509888934,1.1726998979236543,300.0,I
56912772,0.10679634453491245,0.14902207011253382,4.200223064583725,0.02953019495032705,0.036440568515376984,-0.2031403518474323,303.4516172219445,2.4238301486814176,1.0277870732630872,300.0,B
56912839,0.10709588252647113,0.14924577859836916,4.201104768753013,0.0024935576612010292,0.003557333112753697,-0.035157885188499875,303.5893871112673,2.605685246468428,0.9837018647988638,300.0,B
56912905,0.10604103798548323,0.14673092726896098,4.213948745876996,-0.030101996077668326,-0.061274243406492825,-0.043671501175219576,302.20820850654496,1.8667054979448672,0.341503008600105,300.0,B
56913003,0.1058520578772896,0.14597139769513984,4.1976198850860875,0.0032161124149599797,0.0045617807046795,-0.5677285236942772,303.0130997258431,1.8551536776981572,1.15794604814498,300.0,B
56913102,0.10466797569998174,0.14475422358694023,4.219624075844947,-0.011609228039283272,-0.009275282169582491,0.5838253939647607,301.72719023070545,1.669453720503698,0.057736510201732434,300.0,B
56913191,0.10379424806698279,0.14423477262361617,4.1839906725967,-0.008648798793463015,-0.005600528416511397,-0.2620873147257168,303.46514632648837,1.6257396538739677,1.8394066726144238,300.0,B
56913277,0.10335226028115056,0.14376276544873046,4.176921501982269,-0.00426451057067608,-0.006820889969075709,-0.04953557122408079,300.67053344611656,1.5079712730834325,2.1928652033361233,296.969696969697,B
56913369,0.10336071198549168,0.14292781965060192,4.175204470164934,-0.003923004121287344,-0.02062038281121345,0.4207658454468162,300.7744148547956,1.5260010908957973,2.2787167942028037,296.969696969697,B
56913465,0.10317131971828923,0.14270989031349235,4.160859363353898,-0.005757842062797942,-0.005172596976836564,0.05180326691996949,301.42208825019884,1.4564191457473223,2.9959721347545214,296.969696969697,B
56913532,0.10303372792659789,0.14333181194730224,4.130327306530445,-0.002766652428526554,0.007378117597037551,-0.47574504811561286,302.83384607676055,1.3415741311363394,4.5225749759272125,296.969696969697,B
56913742,0.10242670745476114,0.1423459125709167,4.083665239082194,-0.04863665232031836,-0.07545737111319525,-2.3560119218616826,304.99907158036547,1.1736962623287825,6.855678348339701,296.969696969697,B
56913822,0.10262782887716786,0.1422596749796693,4.0885376118664984,0.0030714397701226267,0.0006102893108440181,0.06957946982966787,304.86452650309207,1.2827698242706087,6.612059709124457,296.969696969697,B
56914300,0.10229207201485889,0.14274520265835083,4.096652067260275,-0.00015335033663095232,0.00023184447077768578,-0.03370465730198546,304.2069290063776,1.0308950972449125,6.206336939435716,296.969696969697,B
56914408,0.10159114841914595,0.14103596660633583,4.098547413897659,-0.004236747205956421,-0.0402878621776322,-0.3191296383713322,304.4359689971582,1.3547024198947444,6.1115696075664765,296.969696969697,B
56914472,0.10142117137608468,0.1418697653800136,4.098358798898166,-0.005906815428940261,0.010219486497488743,-0.1592175445040294,304.0427007054701,0.9520033782319669,6.12100035754112,296.969696969697,B
56914644,0.09685094473507666,0.13733139589265597,4.082325996383347,-0.038505593905960214,-0.037497694459819306,-0.07155541688673168,298.50535294763483,0.6736215552618809,6.922640483282022,290.90909090909093,B
56914767,0.09579030322384076,0.13631270402979276,4.075461587741125,-0.0046201109976866704,-0.002785674695442118,-0.11414292148284395,298.50421504989015,0.32926322540602093,7.2658609153932,290.90909090909093,B
56914905,0.0969498550517565,0.13763446764276668,4.079073652787935,0.009252694787022168,0.0085899895131937,-0.10834624098957012,298.8273269963727,0.8329784242290728,7.085257663052673,290.90909090909093,B
56915005,0.09652267097694396,0.13755058713109167,4.07319946562197,-0.002472644264287206,0.0003069381488784575,-0.0535544109711096,299.0348458014764,0.7467878710346008,7.37896702135091,290.90909090909093,B
56915171,0.09296044535890646,0.13329218817123428,4.018235478152911,-0.012327028588278909,-0.015696764777453374,-0.22503329139591793,298.87016380795666,0.8642095343648839,10.127166394803895,287.8787878787879,B
56915281,0.09340614522395874,0.13489661684855941,4.066747506554911,-0.0027949209762804053,-0.0020138898036349004,-0.0890432253916531,296.9419276889871,1.361574835495409,7.701564974703845,287.8787878787879,B
56915345,0.09371573439300591,0.13536117285973853,4.075449541006822,0.007230961906860492,0.01065968497806314,0.13323339310047702,299.56234756121535,1.3867934000160937,7.266463252108325,290.90909090909093,B
56915597,0.09319022930390486,0.1345799573972248,4.072679735065462,-0.03013254819596416,-0.040429876244296455,0.1694606425680344,296.54877917460453,1.2650377466403053,7.404953549176358,287.8787878787879,B
56915679,0.09255316245029098,0.1342958868757202,4.062782949335489,-0.006458755374759705,0.00016975262222718488,-0.2077419733822029,297.12044261320483,1.3418618987419344,7.899792835675014,287.8787878787879,B
56915729,0.09178330763832772,0.13327750239828462,4.057353264262235,-0.009139175259288505,-0.015570699275302616,-0.31667923164176737,297.44542635896516,1.395361390839633,8.171277089337673,287.8787878787879,B
56915938,0.08924084962263909,0.13006496860353112,4.045213744404741,-0.07449802958291254,-0.07574401523345924,-0.4702097725400952,295.3726651576311,1.7459272269338766,8.778253082212368,284.8484848484849,B
56916072,0.08740719173530306,0.12854993452067137,4.043886665266299,-0.002715674540384031,-0.0013930368943183239,0.03568900013037994,293.01181034235145,2.3490214850351325,8.844607039134523,281.8181818181818,B
56916207,0.0842094439620091,0.12479177173083213,3.9973615435190437,-0.06030309745110179,-0.07643905787960158,-0.6678567667268288,292.7232432154982,2.764501301122178,11.17086312649724,278.7878787878788,B
56916270,0.0837515579739272,0.12454315390808898,4.021887997336879,-0.003923522197498258,-0.0007788698533508604,-0.032488728216453475,291.6057484555614,2.8733292320770674,9.944540435605514,278.7878787878788,B
56916418,0.08362502866946372,0.12497654367962706,4.002425594627586,0.00038184032599646045,0.005237659854400299,-0.13932561995896406,292.75690596308374,3.0513666041347567,10.917660571070154,278.7878787878788,B
56916538,0.08375004634383144,0.12578606812643292,3.9833705360056997,3.0146926402329007e-05,0.005210166642535756,-0.28552260430922793,293.92397874333807,3.2656864532947942,11.870413502164439,278.7878787878788,B
56916598,0.0824432302821711,0.12401403475654471,3.9811976919312437,-0.012000946095844818,-0.014842499418085705,-0.07005691103300303,294.08286730746056,3.3159328136945163,11.979055705887236,278.7878787878788,B
56916657,0.08126061367741721,0.12265711993144807,3.9766566249165654,-0.023326210019518498,-0.02826384080146772,0.06579848789329958,291.60911385812784,3.645429043930927,12.206109056621147,275.75757575757575,B
56917086,0.07896405123342036,0.12058759691755752,3.9562189326855712,-0.0008906369031339407,-0.0013874674412795993,0.014612177846503097,293.04533778669867,4.059768360952053,13.227993668170871,275.75757575757575,B
56917151,0.07770030067712064,0.1187365588441067,3.9610645320767173,-0.02657187268826543,-0.04633997652167799,0.20026225301967315,289.8976259025049,4.184639476618627,12.98571369861356,272.7272727272727,B
56917221,0.07715518856546175,0.11815171773408906,3.9423040825057507,-0.010628756627809264,-0.009844646182819999,-0.21509593896869555,290.9081812894756,4.257172385040994,13.923736177161917,272.7272727272727,B
56917567,0.06984667939339681,0.11374117680853181,3.918009604467313,-0.2435679769025034,-0.14810008977401415,-1.165567731974738,288.27321678342287,6.468090037672436,15.138460079083782,266.66666666666663,B
56917913,0.06416574483861609,0.10905030729093325,3.9016038447877484,-0.002662213349522112,-0.002510390602999005,-0.013597224500645232,287.4563449327593,7.861233233333631,15.958748063062025,263.6363636363636,B
56917982,0.06333003814814148,0.10853530487925532,3.9001618830670655,-0.008944457952299818,-0.004944643802302747,0.07026210364654928,284.7781767405446,8.141269985387812,16.030846149096153,260.6060606060606,B
56918051,0.06300147661103436,0.10841471686722827,3.903209912747765,-0.0006464360119303231,0.007251131964085548,-0.1628901319885713,284.72644972695895,8.241944455837128,15.8784446650612,260.6060606060606,B
56918115,0.06255492680146021,0.10762786207164945,3.9089921694099385,-0.004272468253840318,-0.009221099528044679,0.2286466381844388,284.41303421812205,8.21764178010895,15.589331831952489,260.6060606060606,B
56918184,0.06258095175373662,0.10795148250571163,3.9037177198219157,-0.0034366181133604194,-0.0052808377657554565,0.063822942437619,284.7504206120388,8.291305694624533,15.853054311353631,260.6060606060606,B
56918319,0.061007451816922666,0.10683907917148039,3.8976953855772036,-0.04268967870003814,-0.026907941312488408,-0.24279566315740767,285.46818656699224,8.707954937342349,16.154171023589257,260.6060606060606,B
56918489,0.05867441959320944,0.1052452755554251,3.8883333146532246,-0.00035898382065407264,0.0010963156929164677,0.05467744095853145,283.56907562285545,9.371043477309705,16.622274569788203,257.57575757575756,D
56918582,0.05857521529862501,0.10366992118644308,3.93442842533871,-0.0020780895512454833,-0.02437473280054199,0.712808365223447,280.9219745904737,9.028697979202208,14.317519035513929,257.57575757575756,D
56918709,0.05809027710292193,0.10049017314691093,4.016232131821594,-0.008991783678915455,-0.08390766628240147,2.061074205710156,273.27279017381505,8.500001916990731,10.227333711369766,254.54545454545456,D
56918774,0.05763742684289558,0.09861201977523829,4.0614528454570475,-0.005198478342277381,-0.02849348685463127,0.8769533228806993,270.77534683113106,8.263594256079417,7.966298029597054,254.54545454545456,D
56918846,0.057586064044355775,0.09771472374596603,4.077988968205428,0.004843189508920856,-0.0066115606911839415,0.2625677685700828,269.79670990836695,8.111763470734354,7.13949189217802,254.54545454545456,D
56918914,0.05706059869722886,0.09654950091368743,4.0827379493901645,-0.006499825145974639,-0.013851321095950815,0.09582297646481848,266.448114585927,8.030920237834309,6.902042832941167,251.5151515151515,D
56918981,0.05649031843642337,0.09589980583719804,4.097083851939621,-0.0031837185345624085,0.0010676629032456844,0.1949279712086782,265.81262318123044,8.11272396061056,6.184747705468362,251.5151515151515,D
56919050,0.055872518981143315,0.09475872666219888,4.107288948768938,-0.009601286490542258,-0.020563952697339488,0.3663500515672152,265.32339635146326,8.133751972309241,5.674492864002534,251.5151515151515,D
56919115,0.055782995071538874,0.09401385604396818,4.1185161747758805,0.0038556036126277775,-0.006980740588904569,0.728676811638268,264.6576201170847,8.02933703827783,5.1131315636553865,251.5151515151515,D
56919181,0.05565743017238349,0.09295134909507778,4.124412033510903,-0.0010179208346173365,-0.018769198654797793,0.44957841636180024,261.11761771669507,7.814430604942333,4.818338626904244,248.4848484848485,D
56919312,0.05448982769656882,0.0906825961980142,4.110495147036518,-0.003127931952379483,-0.00404120238370518,0.018497126686664672,261.78315274219943,7.784121306727371,5.514182950623548,248.4848484848485,D
56919439,0.05359335593158591,0.08988972731317493,4.150496930061539,-0.0021152386806227766,-0.000989953920329463,-0.04167016638533321,256.9960241778423,8.027384923924316,3.5140937993725294,245.45454545454544,D
56919508,0.053077084520420564,0.08904664937287138,4.148702494966196,-0.007335250470734946,-0.013060409249858768,0.22588589880722715,257.07071133901553,8.01235033033049,3.6038155541396,245.45454545454544,D
56919577,0.05312790126711793,0.08872804356380963,4.1589927273456055,0.005012356138381971,-0.0018414139970165302,0.03403732062388616,256.45233879374274,7.908489404028239,3.0893039351690663,245.45454545454544,D
56919650,0.05268027560995125,0.08794424754033695,4.159794632916711,-0.0060765582515982085,-0.010120356858309284,-0.1443821671984102,256.4185040069623,7.914749895802974,3.0492086566138696,245.45454545454544,D
56919714,0.05222853924541315,0.08718939680511573,4.171626180741974,-0.008490940413626583,-0.012466080968131748,-0.0267685209745412,255.86663846507005,7.954461745173931,2.457631265350688,245.45454545454544,D
56919781,0.05206324639263827,0.08671813764183368,4.185168850965859,-0.007041679551407547,-0.01019340141480893,-0.07483079961028699,255.17246720489356,7.937423996191753,1.7804977541563687,245.45454545454544,D
56919853,0.051206316566038905,0.08563511660904777,4.18187216296726,-0.010362918445858963,-0.01308383722744972,0.12291764903224862,252.41118511761945,8.041610539290652,1.945332154086397,242.4242424242424,D
56919965,0.050561473606462896,0.08455000931047335,4.193200427148847,-0.00911430400059827,-0.020880995727105844,0.567991939439491,251.84986037634815,8.046699007098775,1.3789189450069512,242.4242424242424,D
56920007,0.05016268684384469,0.08338586069474616,4.175116007258418,-0.0008914266110269327,-0.036586937588165815,-0.1756490870170854,252.6799237840208,7.972541420249831,2.2831399395285557,242.4242424242424,D
56920076,0.049770171941777616,0.0824485639735959,4.177460060298175,-0.001019027983950851,0.004635614828572422,-0.14976934289889443,249.5173574645982,7.95748078311799,2.165937287540798,239.3939393939394,D
56920140,0.04829602153919081,0.08039240952605137,4.189483862510926,-0.015682602948502752,-0.013338022216959858,-0.14015764197144545,249.02805016429656,8.06936359345406,1.5647471769031003,239.3939393939394,D
56920210,0.0465913392928819,0.07832446926882644,4.177619581378879,-0.03009186974880523,-0.035711598474375134,0.016981544889293446,246.8629833966744,8.341385799532528,2.1579612335055254,236.36363636363635,D
56920284,0.04474626219457943,0.07585151523096244,4.156861686466711,-0.033789156557476066,-0.03883399576473467,-0.7693034646037248,248.1794360881796,8.619943745429275,3.1958559791139978,236.36363636363635,D
56920350,0.043846409146849084,0.074925530923762,4.191794816866521,-0.006713147644578612,-0.01650736670680591,0.7520938501646207,243.52822802651633,8.745695234059434,1.4491994591235446,233.33333333333334,D
56920415,0.0428690055179438,0.07408872332531626,4.186615728785135,-0.009838299669898453,-0.011758056209924933,0.22578118446469783,244.01134387412532,8.969856677599292,1.7081538631926887,233.33333333333334,D
56920480,0.04307024080021035,0.07374376150789107,4.192465547691223,0.008020720286926773,-0.00041171262026405486,0.17065037496174998,243.5513652233861,8.802368972164386,1.4156629178883728,233.33333333333334,D
56920555,0.0428433560740101,0.07336300070835274,4.175334535529048,-0.008187054993527816,-0.01118266619061557,-0.5949375288135903,244.42764390114897,8.822097041818528,2.272213525997085,233.33333333333334,D
56920621,0.04238273344222163,0.07222590140441211,4.195513213452375,-0.012313660937001078,-0.027647875527184645,0.3968694900787935,240.36529740637727,8.798987473516519,1.2632796298304687,230.30303030303028,D
56920686,0.041354641056913284,0.07118764473444336,4.195313132841521,-0.013148477516054647,-0.02333438355854764,0.3407482928631782,240.5321359129482,8.955821949544468,1.273283660373467,230.30303030303028,D
56920742,0.03985557112880958,0.06964989429748317,4.207693231866926,-0.014094249903147294,-0.017745378728398615,0.5087953068481141,240.23584498440326,9.278535972269465,0.6542787091035156,230.30303030303028,D
56920811,0.03853680428118444,0.06849302635277917,4.1899414849344945,-0.007870580990268645,-0.008085597162046222,0.18498836936022445,238.38655906459653,9.571965736144662,1.5418660557245878,227.27272727272728,D
56920949,0.03765036726773298,0.06769419816534347,4.183262108557795,-0.002800675218234923,-0.005486589190955305,-0.02633052033477663,238.90796397254442,9.759401825257383,1.8758348745597564,227.27272727272728,D
56921071,0.0372596964817146,0.06697812421821225,4.182934510248305,-0.0020109847351215474,-0.0057119796251948116,-0.05686910058850045,238.93727571232208,9.772333649560561,1.8922147900342443,227.27272727272728,D
56921159,0.03697078290240438,0.06618926530395249,4.202128229686628,-0.0048863343696764865,-0.007034018472307353,0.14823836230888224,237.9463926884365,9.741136597590957,0.9325288181182811,227.27272727272728,D
56921249,0.035127857348564294,0.06437769237357774,4.193909370535023,-0.017057470906375594,-0.015445898016848,-0.01723762439478048,235.67437434030793,10.08847832218552,1.3434717756981962,224.24242424242422,B
56921344,0.03355073510056604,0.06277548766224404,4.197609515095025,-0.020811731970347067,-0.01926558380179307,-0.0426151728670537,232.82622799378623,10.455642233967177,1.158464547697845,221.21212121212122,B
56921393,0.03262865004657274,0.06189979665048066,4.195393759448251,-0.005424605533246113,-0.004960032663215919,0.4819290686994993,233.09490831311828,10.613534770960419,1.2692523300366405,221.21212121212122,B
56921442,0.031969406191166325,0.059048448233263516,4.19600227364341,-0.01201793120316703,-0.08123669106079552,0.27663788199041833,232.7219410584115,10.270993226011393,1.2388266202788867,221.21212121212122,B
56921576,0.03040381869668023,0.05563716452317472,4.18924252012194,-0.0046665240127563845,-0.00468376168417935,-0.12663621379255727,229.89591208646655,10.137279608295973,1.5768142963523852,218.1818181818182,B
56921666,0.02903346889437479,0.054419679424461374,4.1937422692512065,-0.020795012571313064,-0.01646781188693907,-0.1648642456535949,226.9380290343833,10.434687042978696,1.3518268398894762,215.15151515151513,B
56921786,0.026960494638637252,0.05278479116130911,4.19197103170397,-0.020199069230685353,-0.018874897860419976,0.058752940829301485,227.56980521708368,10.977901348317618,1.4403887172509509,215.15151515151513,B
56921919,0.025520546306801343,0.05028518952527362,4.187806148536959,-0.01454239029149079,-0.026056111884185586,-0.022047359542991272,224.7673647430741,10.99751974626059,1.6486328756013728,212.12121212121212,B
56922048,0.02416436421117249,0.04791275384154243,4.181364193472211,-0.004064714630315153,-0.007884197732933317,0.25214769011866944,222.11464965171973,11.053009931971621,1.970730628839002,209.0909090909091,B
56922177,0.023374174471212338,0.047441287865816945,4.172827798486357,-0.004047024141059895,-0.003388404681235398,0.003389519786744857,222.76292637141086,11.274466902370175,2.397550378131594,209.0909090909091,B
56922302,0.022212805437174906,0.04562344150547183,4.167197979708821,-0.015257699366464667,-0.02258105259241977,-0.027313445013341688,223.15565023738802,11.385699829470504,2.6790413170084224,209.0909090909091,B
56922354,0.0211133720430931,0.04421671068493121,4.160884901501093,-0.016050727230275407,-0.020536990060935886,-0.09216519785655199,220.568881056879,11.513579768878087,2.994695227394852,206.06060606060606,B
56922402,0.020036136517257136,0.04304418931955413,4.159064260181393,-0.016362951446139595,-0.017770030121017185,-0.31372035263967635,220.85849477760036,11.712161423614523,3.0857272933797755,206.06060606060606,B
56922478,0.01905854758211584,0.04198458467027598,4.159979680430017,-0.009561491720316905,-0.01578915433200942,-0.35405335555838424,217.99870838113216,11.928449069880596,3.039956280948573,203.030303030303,B
56922547,0.01878863037055393,0.04151258417943211,4.159497828955869,-0.004652665189458832,-0.0074213745597420284,0.03584382152673379,218.01062179345664,11.916269908497547,3.064048854656082,203.030303030303,B
56922656,0.0184310693897889,0.04087147977376823,4.1629095752234715,-0.004685402796432178,-0.0063508494321977745,-0.11414591594758845,217.82948874986735,11.905724178288498,2.893461541275839,203.030303030303,B
56922780,0.01707676601702547,0.03887736563691022,4.16563513838623,-0.014846106047117974,-0.020735700559818115,-0.006676975256891048,217.84299439906627,12.055507985625264,2.7571833831380013,203.030303030303,B
56922831,0.015173191447621241,0.03625779188878741,4.138536620670575,-0.02191669021421171,-0.0320661793670525,-0.2394026471812841,216.36428119371152,12.252171924790758,4.11210926892076,200.0,B
56922878,0.01457647784330997,0.03472798624862028,4.145700886293788,-0.009463467237577154,-0.029099919789413415,-0.29396687815859573,212.90860085796228,12.18500790050521,3.753895987760097,196.96969696969697,B
56922948,0.013420008635244663,0.033257096322385236,4.152061411067981,-0.020814838516644386,-0.018667765823935117,-0.1082064611877992,212.7174082761812,12.311841557433839,3.4358697490504033,196.96969696969697,B
56923012,0.011786104550543247,0.03144867514736379,4.149841186844627,-0.02977559261611344,-0.031372959793577786,-0.09926827807892259,210.12521544526118,12.63894054564917,3.5468809602180946,193.9393939393939,B
56923075,0.009829398567465111,0.02961004698182949,4.13726149299956,-0.033127833912933106,-0.030707326925745643,-0.20797934774745344,211.15368774515943,13.038428153294106,4.175865652471411,193.9393939393939,B
56923189,0.008217439134557978,0.02786409378638154,4.131242794260135,-0.01958735021248153,-0.02160307567602427,0.1638283618368708,208.7313217480094,13.345430249475863,4.476800589442647,190.9090909090909,B
56923309,0.006628284065867557,0.025670800991701326,4.126026011329112,-0.012636945421844369,-0.02070504293490705,0.0057422357140823905,209.1823857384937,13.535655093408963,4.737639735993844,190.9090909090909,B
56923416,0.006042379456864202,0.024125798778164072,4.123001113447884,-0.004608069546728095,-0.011228059067092289,0.006265293159751745,206.186632694237,13.418960185393898,4.888884630055216,187.87878787878788,B
56923478,0.005287812191118031,0.02324725862503133,4.124460057251987,-0.012373624811571891,-0.011490439045459742,0.2496165679897965,206.22862967426994,13.533904355632009,4.8159374398500585,187.87878787878788,B
56923538,0.004114233362654538,0.022207276479694317,4.121104569438261,-0.01978254530352762,-0.01486474897402726,0.02156465700758704,206.68984683992727,13.827347130602957,4.983711830536437,187.87878787878788,B
56923600,0.002745194860573494,0.021116617513948138,4.116891974277696,-0.01698074562835429,-0.015023275892386667,-0.0031036671177053824,204.2039691667059,14.161142729656467,5.194341588564587,184.84848484848484,B
56923662,0.0015364163147383889,0.01992949804792967,4.113124234195447,-0.01646091737641996,-0.018947288993623662,0.10520152385743431,204.63852441243304,14.407310971271123,5.38272859267708,184.84848484848484,B
56923732,0.0007890199665799125,0.018829176231498268,4.107956890296045,-0.010488084790151914,-0.0162916256136431,-0.12438278146886099,204.99504602971766,14.505465393585594,5.641095787647216,184.84848484848484,B
56923778,0.0003333596468290697,0.01781380571183127,4.111718421131578,-0.010964479244113758,-0.024728944614461866,-0.09034262701245052,201.71834998033867,14.447148916286359,5.453019245870537,181.81818181818178,B
56923846,-0.00022066938765438204,0.016867131401942848,4.112471981377851,-0.010437451700811593,-0.013382774973641551,-0.04719046518410191,201.68963154924825,14.456108497509566,5.4153412335569024,181.81818181818178,B
56923949,-0.0009479774781668427,0.01596579397598866,4.112671763102371,-0.009431986353113025,-0.010058388196242307,0.13859519157374584,201.7971494021183,14.573615436605644,5.405352147330856,181.81818181818178,B
56924030,-0.002575978460876355,0.014599867960864326,4.1106335145990665,-0.019660893198069438,-0.01607710790694821,0.028998799486054484,199.26534760528625,14.970204244911388,5.507264572496097,178.78787878787878,B
56924075,-0.0036932662162123663,0.013580452064368526,4.106008990352821,-0.026819012124819273,-0.02934956856715747,-0.17498413204653454,199.7379921637012,15.211622591014079,5.738490784808343,178.78787878787878,B
56924163,-0.004495949285351231,0.012542432296269062,4.1089081125493205,-0.006883035585793054,-0.011532552571495006,0.09888162265754133,199.72128979963543,15.339876336773226,5.593534674983428,178.78787878787878,B
56924245,-0.00590711452552898,0.009427527005636574,4.103159189349386,-0.04930482700870388,-0.1210921824546607,0.033471881332495235,196.85037405168168,15.211817459125768,5.8809808349801775,175.75757575757575,B
56924318,-0.00756092933128401,0.006363394338746565,4.100337744669313,-0.020985305982344434,-0.037347331689520424,-0.0020140851471087237,193.961815571467,15.212489775210457,6.022053068983831,172.72727272727272,B
56924415,-0.009897028649814583,0.004184107450248029,4.091071048717797,-0.028040019024572357,-0.022926797867178553,-0.0953171507335784,191.91936489078205,15.737007327252805,6.485387866559552,169.6969696969697,B
56924479,-0.011651144260391023,0.0030005226717771446,4.080887641478806,-0.03111174283998889,-0.01595421646491286,-0.16801950653594944,192.91801480065556,16.22648687517668,6.994558228509183,169.6969696969697,B
56924546,-0.013232973655671363,0.0018239788792175139,4.073278307163267,-0.023202334015314637,-0.019958218013218024,-0.19307407502364243,190.70232774269812,16.660636131745395,7.37502494428602,166.66666666666669,B
56924638,-0.014525136661131336,0.0002538286916507156,4.064781789717642,-0.017048513265340865,-0.023550775855522354,-0.19301802960289838,191.3077765236335,16.841259040399542,7.799850816567276,166.66666666666669,B
56924748,-0.015537830676613067,-0.0016881145802813676,4.058706308742455,-0.009274028217801433,-0.016999472600391693,-0.0033948189195289417,188.58751294551976,16.847524443829474,8.103624865326653,163.63636363636363,B
56924798,-0.01684731018926505,-0.0036751927926422547,4.046580777470726,-0.013336654581013477,-0.013758108248988219,-0.043629020531810773,189.28689485628388,16.940629791007076,8.70990142891317,163.63636363636363,B
56924845,-0.01751142143007906,-0.0042015846745513605,4.041956030671811,-0.019327357628298462,-0.009586879843869375,-0.1078507517550834,189.69958904285676,17.12208663763423,8.941138768858895,163.63636363636363,B
56924916,-0.018229113828079572,-0.004475438089780807,4.035214354114673,-0.012292785653855188,-0.0017834258085051707,-0.07843910396877507,187.27183257567185,17.387549372895567,9.27822259671571,160.60606060606057,B
56924980,-0.019154560386589605,-0.0051416414091122855,4.021018899814449,-0.014552561320047194,-0.01256794459707242,-0.3365659245318367,188.20916889560993,17.61511297782242,9.987995311726957,160.60606060606057,B
56925047,-0.020249965788592988,-0.006293842373990081,4.020193014410978,-0.016943924375101935,-0.020891491138834203,-0.17099206328096797,188.4551804309947,17.81983024303356,10.029289581900558,160.60606060606057,B
56925116,-0.021268345351846924,-0.0077785386078162684,4.019701011622394,-0.01604189068446146,-0.022374164730830017,0.045129973160721204,185.5718671387199,17.942219841632603,10.053889721329732,157.57575757575756,B
56925195,-0.022107632278022978,-0.009248481021867323,4.015396004549675,-0.012753528999745791,-0.018900404431119937,0.05701959110492088,185.78490694693005,17.9400092962068,10.269140074965682,157.57575757575756,B
56925257,-0.02284636991299345,-0.010287971002066989,4.01371073445342,-0.010769265395623347,-0.014954787803573897,-0.0472612740259755,185.9566414606685,18.027480305132514,10.353403579778407,157.57575757575756,B
56925323,-0.023483651389038393,-0.010861982605029226,4.006861682161286,-0.01005739792718099,-0.00901729363576899,-0.07721592748338245,186.46049949415905,18.188885724016366,10.695856194385117,157.57575757575756,B
56925391,-0.02400979575168238,-0.011258998375002363,4.006539868929622,-0.006501965421275827,-0.005887028345988629,-0.009896279122848422,183.5816577091964,18.32425630777353,10.711946855968346,154.54545454545453,B
56925467,-0.02470008242663168,-0.011947676943245607,3.998291422784025,-0.010796652201492445,-0.009909702024713415,-0.08818476154377977,184.11954981587408,18.449726107171383,11.124369163248158,154.54545454545453,B
56925546,-0.0254108786176791,-0.012820639480820772,3.9957745877771096,-0.010370012320579183,-0.013891320133437614,-0.011438998428712618,184.34884258241084,18.553177123362374,11.250210913593936,154.54545454545453,B
56925624,-0.026319361835448724,-0.014082862930146753,3.995883073355045,-0.010923174783355923,-0.015315625803828092,0.044612848605884006,184.4680102415945,18.67776906144277,11.244786634697194,154.54545454545453,B
56925669,-0.027465330506396272,-0.015472175424474304,3.989801681964961,-0.02814216681487088,-0.030775356596754722,-0.08497556438815321,181.89859387287464,18.834586153521748,11.5488562042014,151.5151515151515,B
56925748,-0.029229229992237985,-0.01869933319308705,3.9765355318817726,-0.026949559293659803,-0.04454682759056584,-0.27002998407491124,179.55308601632638,18.856073823117082,12.212163708360823,148.48484848484847,B
56925810,-0.03077386501152655,-0.020142839567004297,3.9853909334453923,-0.029138472718815873,-0.023762538315574424,0.4343561191807561,179.44792700533202,19.19368489030372,11.769393630179811,148.48484848484847,B
56925884,-0.032707134293241714,-0.021808768961516147,3.9674236872573125,-0.028124865915513515,-0.024945515138720443,-0.38568626657477584,177.77469950402866,19.652398109899465,12.667755939583774,145.45454545454544,B
56925951,-0.03462602434855794,-0.023237649132470898,3.9547741807374335,-0.026937784297470773,-0.019736171684761942,-0.15342516181859814,178.92058013686793,20.16580341674476,13.300231265577732,145.45454545454544,B
56926017,-0.03630057135828007,-0.024608587266668116,3.945707779434447,-0.02604478030976917,-0.02232518319057262,-0.12757825254437832,176.75333840291597,20.57554464794649,13.753551330727081,142.4242424242424,B
56926089,-0.03776478640821562,-0.026044886433475425,3.9420917444787213,-0.019030457886432813,-0.021190208267533372,-0.12998679596872353,177.2418170870823,20.88322158432652,13.934353078513368,142.4242424242424,B
56926156,-0.03872578664586375,-0.02739238846305649,3.9393247800507063,-0.012068189508931548,-0.018983948196790994,-0.029728584250353005,174.46257306307456,20.99593236922103,14.072701299914133,139.3939393939394,B
56926229,-0.039182318569043334,-0.028591324059189117,3.9364540055354036,-0.005654985979975846,-0.017897410822798367,0.030171126347720047,174.5111242495895,20.90094482997086,14.216240025679236,139.3939393939394,B
56926286,-0.040018636586040934,-0.029815567394775012,3.932378106053205,-0.015577404389107763,-0.02010104807725331,-0.1718269328277842,174.8033741616763,20.989399767947695,14.420034999789186,139.3939393939394,B
56926354,-0.04125277130366022,-0.030954704899383154,3.9325548746370513,-0.020538096412717862,-0.01745856540842687,-0.12431771788275744,172.0412065770686,21.266373642835383,14.411196570596879,136.36363636363635,B
56926426,-0.04281269949042415,-0.03199964968310085,3.927707898516483,-0.023649877486273792,-0.015480979929434343,-0.19038086400625057,172.7140638536816,21.696882113419985,14.653545376625285,136.36363636363635,B
56926496,-0.04440697581821497,-0.033181162528243005,3.923886784583754,-0.023781953743069243,-0.019569026669791732,-0.025156447684615443,173.35309621712696,22.144858780228873,14.844601073261748,136.36363636363635,B
56926562,-0.045430472848131384,-0.034138605761789655,3.9216218109688095,-0.014316075438076878,-0.01494042982440414,-0.02909726987164426,170.63995709751757,22.3487740101753,14.95784975400895,133.33333333333331,B
56926632,-0.04629229036661509,-0.035227597378586765,3.91588143566716,-0.0120146800097164,-0.016432725443279794,-0.08475145670331877,171.04843573212997,22.470233879705233,15.244868519091431,133.33333333333331,B
56926705,-0.04678394590213049,-0.036259147070346165,3.917837352975266,-0.011530087656157562,-0.01797539319425356,0.13860244431529256,170.9386820300436,22.458276043024153,15.147072653686136,133.33333333333331,B
56926786,-0.047108121118775166,-0.03694388671611025,3.9160352548341284,-0.007407820390609946,-0.011030365754017477,0.026751540959319624,167.97904810774864,22.438840243975374,15.237177560742984,130.30303030303028,B
56926839,-0.04776791675197606,-0.03762446422716088,3.9154124754935253,-0.017546420820397528,-0.01878327130386958,-0.19368239647284596,168.12776081870848,22.556413987905024,15.268316527773166,130.30303030303028,B
56926882,-0.048786141720227515,-0.03844868517170407,3.912363137367139,-0.025094136061812166,-0.01918224703427397,0.11627352088747311,168.5320733553474,22.808259618224643,15.420783434092472,130.30303030303028,B
56926951,-0.049830230238994515,-0.03935914408153163,3.905798190690018,-0.011590172398110572,-0.010457167237109669,-0.19538385055716212,169.12066733294117,23.06860626196234,15.749030767948538,130.30303030303028,D
56927018,-0.05098523910110388,-0.04049253120756649,3.9067204988156687,-0.0114540311663317,-0.014395433392947314,-0.10804677142315124,166.27446365513802,23.298821020744743,15.702915361666006,127.27272727272727,D
56927083,-0.05159434639980944,-0.0428817772692459,3.9391098807601193,-0.01200019756885812,-0.04985030678260439,0.8431170911211636,164.36667435610892,23.010500818938183,14.08344626444347,127.27272727272727,D
56927151,-0.05214021630943191,-0.04518486054455544,3.998996747752322,-0.006769484177246282,-0.031082857257029844,0.7500141192624569,158.02837732756427,22.69685017030669,11.089102914833347,124.24242424242425,D
56927215,-0.052242873262499365,-0.04678281794912702,4.0266769633135855,-0.0004718563857959442,-0.021889565959850574,0.3119459791158005,156.3173098327881,22.36979345359369,9.705092136770157,124.24242424242425,D
56927284,-0.05260876348071625,-0.04852040934742848,4.06300347855908,-0.00822565587520965,-0.024911435368430736,0.6744655058946942,151.227985944998,22.127098358381367,7.888766374495438,121.21212121212119,D
56927353,-0.052925973864992426,-0.05012124791426655,4.0881134288593355,-0.005125092874001744,-0.02131381422000745,0.396207846485075,149.72252448723538,21.87713441563157,6.633268859482613,121.21212121212119,D
56927418,-0.0537684566119837,-0.051949764009252095,4.099558964825606,-0.016967621019281412,-0.03147104374122852,0.1902166247612987,146.08432740383032,21.841517160842987,6.060992061169151,118.18181818181817,D
56927479,-0.054452964341662,-0.05324295933742585,4.115578229566296,-0.020793968800590753,-0.031907228742018255,0.3174810350973988,145.25734900616445,21.81550200021167,5.260028824134598,118.18181818181817,D
56927550,-0.055328139764762564,-0.05494165501528379,4.126878019058287,-0.0070308535627469386,-0.01860902688642788,0.2985034702482632,144.68471632745258,21.807858796099303,4.695039349535112,118.18181818181817,D
56927620,-0.05571562183965346,-0.056239333349765566,4.1401175275455415,-0.006743193578885072,-0.01907929557230422,0.3116829493323195,140.8613643283205,21.67678525163301,4.033063925172345,115.15151515151513,D
56927686,-0.056081497887147676,-0.05764291160369797,4.144403061770934,0.0032614364830397995,-0.011309081976308373,0.07206905451853732,140.4631392554973,21.492836890079396,3.8187872139028003,115.15151515151513,D
56927753,-0.056360328591838274,-0.058860489691791654,4.149509625992529,-0.004665276298290333,-0.017020082217171155,-0.036393857448329,140.0496991709936,21.334725016655472,3.5634590028229844,115.15151515151513,D
56927819,-0.05679388068088929,-0.05991725662635882,4.166877522454109,-0.002141522590853401,-0.009202715326660327,0.4235130017698278,136.1096565633243,21.293380262368178,2.695064179744008,112.12121212121211,D
56927893,-0.057345399210698485,-0.06098013365096771,4.175668206194551,-0.008572462317060553,-0.013046959887204657,0.42310233310822193,135.6426704242378,21.265928310303746,2.2555299927219403,112.12121212121211,D
56927994,-0.05865037234284622,-0.06286793928254772,4.171426397679193,-0.012141581837929794,-0.01658505774416226,-0.389383305601358,135.99340847863422,21.404575938932183,2.4676204184899357,112.12121212121211,D
56928056,-0.05942085859708555,-0.06398081919270684,4.18284812256122,-0.01332270852831274,-0.017792335715153772,0.22279868299714,132.46703460833032,21.47959134303267,1.8965341743885877,109.09090909090907,D
56928120,-0.06028477796021017,-0.06549427352034375,4.1887978964326535,-0.016577858100250517,-0.026156186780469617,0.35588329161305676,132.1831355976154,21.493181025889783,1.5990454808165595,109.09090909090907,D
56928180,-0.060200964386873536,-0.06609019650367307,4.192138072653036,0.0022201396570519986,-0.010336699042884886,0.25956515429965576,131.84207401697702,21.31912825627051,1.432036669797453,109.09090909090907,D
56928286,-0.060408853097956496,-0.06686706828751068,4.1927835403648865,0.006943087914819274,0.0009635626001193352,-0.11205233576971393,131.72966473036604,21.238992355251998,1.3997632842049714,109.09090909090907,D
56928403,-0.061281680594772577,-0.06830693607626963,4.205188688133301,-0.0067762743835729534,-0.00937852842491458,0.09898130274765314,128.11237789224558,21.27226593585487,0.7795058957846681,106.06060606060605,D
56928456,-0.06252153998805993,-0.06998920671766629,4.2031473224713345,-0.015155910904934103,-0.021859895101324703,-0.06073526204506551,128.3680794873543,21.425899247865775,0.881574178882475,106.06060606060605,D
56928521,-0.062934385573288,-0.07127677611101459,4.202424405932494,-0.003517790609428314,-0.02896495928615781,-0.2699233213443426,125.25944857399101,21.311425537863393,0.917720005824587,103.03030303030303,D
56928583,-0.06352615063200934,-0.07340948448177818,4.217045681902709,-0.014132225349007713,-0.032090644292776464,0.43972277321864955,124.27143741347729,21.054478175860368,0.18665620731389476,103.03030303030303,D
56928650,-0.06449883384869214,-0.07489580318348654,4.210674402712506,-0.014680578958141696,-0.02146241754871419,0.05925316956932211,121.65762952372754,21.152409356903732,0.5052201668238373,99.99999999999997,D
56928715,-0.06655239212500688,-0.0776222179454281,4.208476819334565,-0.03463625452642267,-0.04176519105151301,0.0438723599843447,122.02018715493145,21.405087819210653,0.6150993357208223,99.99999999999997,D
56928804,-0.06816146323200346,-0.0794040911147735,4.198567063057208,-0.01439272573944359,-0.017522025501047284,-0.14892267126375075,119.76242906589539,21.682144946609384,1.110587149589049,96.96969696969695,D
56928897,-0.06998452087260863,-0.08138967678687144,4.20025375146631,-0.02390591081568413,-0.027657515022269395,0.11748374132824471,117.00385700722428,22.038210338696356,1.0262527291340158,93.93939393939391,D
56928986,-0.07155819904502683,-0.0838523621242925,4.208613488686651,-0.01600857961459395,-0.026366479236004794,0.22876254385485842,116.68129086126561,22.13363105375545,0.6082658681162485,93.93939393939391,D
56929078,-0.07174304359494875,-0.08502451087893512,4.197163002875952,-0.008824273240142334,-0.023353940979040796,0.09956777808899739,117.07788462187784,21.957700523832443,1.1807901586514988,93.93939393939391,D
56929167,-0.07298156198347192,-0.0868249332997543,4.205443502549612,-0.012508912846370804,-0.01309347311195694,0.24933436804727094,113.7302713631652,22.054415279105974,0.7667651749683414,90.90909090909089,D
56929225,-0.07468311129230655,-0.08875481705336867,4.191217854448079,-0.031823968656158365,-0.03960008024048029,-0.44851828970885843,111.72070181580096,22.363866356968,1.4780475800451192,87.87878787878785,D
56929297,-0.076170348185579,-0.0900713800421214,4.199721999858465,-0.03222447033052082,-0.03594906578613548,0.05945380632480285,111.62565574591318,22.694027557599245,1.0528403095260837,87.87878787878785,D
56929365,-0.07715168620659489,-0.09127838308442547,4.187680860144996,-0.017727121485173067,-0.021593433349283216,-0.11749161453941007,112.39196224812717,22.85827707413948,1.6548972951998409,87.87878787878785,D
56929413,-0.07782456243158911,-0.09236057997058855,4.185045799176006,-0.0012183113415418707,-0.008057690294406457,-0.5380541236804391,109.52508904553844,22.889953853404343,1.7866503436492664,84.84848484848483,D
56929484,-0.07872146922873673,-0.09366219915078061,4.196309209708625,-0.004313424920223445,0.001811284451966453,1.2288312251123246,109.04360552624145,22.97164086073843,1.2234798170181949,84.84848484848483,D
56929600,-0.0793973519289081,-0.09474998800543666,4.193233139530859,-0.011797846390712942,-0.01489532788216964,0.025241485349175235,109.25314379100092,23.027375616609653,1.3772833259064476,84.84848484848483,D
56929735,-0.07988638252112072,-0.09526027165598187,4.195917746190947,0.0011943220051283067,0.001924220761093265,0.08164523135434801,106.18615302985482,23.124918218771167,1.2430529929018364,81.81818181818181,D
56929868,-0.08253347423352596,-0.09849856212787657,4.1905035878141605,-0.010008158102252028,-0.01367475629449512,-0.15204731592810794,103.83039559952287,23.528755899902766,1.513760911741339,78.78787878787877,B
56929920,-0.08392279480935909,-0.10115062332205807,4.1964443903329585,-0.018087491077661673,-0.03948473969020394,0.5480782225242953,103.50689514617511,23.502295572494987,1.216720785801358,78.78787878787877,B
56929984,-0.08532959581264188,-0.10445635249742106,4.189111571928078,-0.030992435638141608,-0.06082676956994162,0.3015327569556811,100.6780137229504,23.337076259329294,1.5833617060453453,75.75757575757575,B
56930051,-0.08640666399473342,-0.10601922592362734,4.186253669744753,-0.014959075519736268,-0.013382278403619574,0.34663761158192957,97.9129038719101,23.4593743294255,1.726256815211914,72.72727272727269,B
56930114,-0.08763706890312861,-0.10747592451671457,4.174838190269937,-0.02217654727418374,-0.024880576105015654,-0.012970817517030754,98.66456369295156,23.640260176726496,2.297030788952368,72.72727272727269,B
56930181,-0.0889709204678819,-0.1088547417695182,4.177363995171639,-0.03299148368627351,-0.03858208541109581,-0.12344515579624481,98.81945024918258,23.92143697804236,2.170740543867521,72.72727272727269,B
56930292,-0.09010621139384743,-0.11005114172998284,4.171975481726778,-0.01784771046847812,-0.020451572831216323,0.2853126876092498,96.26053165546337,24.123395742383277,2.440166216110421,69.69696969696967,B
56930412,-0.09171488088515625,-0.11270419521107862,4.1548162608564,-0.017874344785878772,-0.03111995565194381,-0.13910112867348676,94.18516401092413,24.220370084627973,3.2981272596294873,66.66666666666666,B
56930538,-0.09466128396754896,-0.11683606759210634,4.14816767833557,-0.02091950713515719,-0.02538571750294698,0.08527558083725587,91.79875348536235,24.531833463327736,3.630556385671011,63.63636363636361,B
56930606,-0.09478209986039807,-0.11697186156997985,4.139197673202451,-0.007224549409245512,-0.009628980210393608,-0.07442510904286982,92.26690055449525,24.551480275804725,4.0790566423269174,63.63636363636361,B
56930646,-0.09518216306992089,-0.11749091763098436,4.138227989716631,0.019857215593482098,0.029181772314138016,0.4919398828667337,92.36624768072959,24.60234322774807,4.12754081661791,63.63636363636361,B
56930717,-0.09612202493199096,-0.1189122097014356,4.138613557641326,-0.0028623232183375216,-0.0065850581016895825,0.01564233638425887,92.43816599997223,24.693539943225485,4.108262420383137,63.63636363636361,B
56930783,-0.09733537432252445,-0.12054144602536018,4.135458612166658,-0.01800500371467227,-0.025531291806213625,-0.1601072328087766,89.70531705290703,24.83324675272982,4.266009694116614,60.606060606060595,B
56930851,-0.09866481689845528,-0.12241516525189793,4.088777482794538,-0.01760803742281626,-0.028731263978295545,-1.2638733923543901,92.19520058517179,24.989073816388625,6.600066162722575,60.606060606060595,B
56930917,-0.10039253850205711,-0.12431761423856824,4.12078431793886,-0.03436800195828869,-0.04256961030800576,-0.033895173551220646,87.86315347146743,25.28767149020342,4.999724405506459,57.57575757575755,B
56930984,-0.1005404334359801,-0.12446669846193871,4.119116231346179,-0.0019038106779322818,-0.0032126103852982034,-0.023732188461716815,87.97670905246338,25.317822741565326,5.083128735140501,57.57575757575755,B
56931051,-0.10138712299115506,-0.12571294485934514,4.126905846086167,-0.02229074466431399,-0.030979630552222505,0.08532744610302735,87.67992626082774,25.410520686929083,4.69364799814111,57.57575757575755,B
56931118,-0.10138768820470796,-0.125864266230176,4.1333136262873635,-0.01473631491291548,-0.02159800599618013,0.40273379802764964,87.32638228638164,25.377365722542887,4.37325898808121,57.57575757575755,B
56931188,-0.10192830784564268,-0.126681182695489,4.128984813992059,-0.005910018816044684,-0.009147185740607234,0.04888703136001118,84.55162565659228,25.41647150829123,4.589699602846519,54.54545454545453,B
56931261,-0.10319495734168675,-0.12839412395232067,4.12884152340517,-0.02108760129150107,-0.028436261845866097,-0.0476777421210533,84.70552198954914,25.563203311903706,4.596864132190896,54.54545454545453,B
56931327,-0.10444629219976719,-0.1301793361704629,4.119720795009177,-0.018362516566038517,-0.025625573939680787,-0.13766579199291154,82.26754417337597,25.69949210623397,5.052900551990517,51.51515151515148,B
56931389,-0.10536618090244784,-0.13216590046251037,4.1169642358861,-0.018909686150497994,-0.04571911866113751,-0.08628935650277145,82.33713802148256,25.63125799818666,5.190728508144421,51.51515151515148,B
56931457,-0.10628276920388886,-0.13399188998987552,4.11343493654881,-0.014784307916195845,-0.0231345014524621,0.034180211340854874,79.4606996997588,25.608657739901403,5.367193475008942,48.48484848484846,B
56931523,-0.10797973388346618,-0.13588395641595788,4.115148581935955,-0.02603062294700025,-0.025505407219953098,-0.012859993921957477,79.67525877842012,25.908899087919963,5.281511205651687,48.48484848484846,B
56931587,-0.10919462874268374,-0.13690094731106764,4.106292193294921,-0.006381325488798134,0.0034802053745477523,0.23933057469082508,77.38759070699156,26.208714614742757,5.72433063770336,45.454545454545446,B
56931653,-0.11075414142805469,-0.13833723969449224,4.093484469436205,-0.024227593989169016,-0.024610909378690475,-0.2678371820095697,78.3662900387389,26.547027753554246,6.364716830639199,45.454545454545446,B
56931720,-0.11256359342501265,-0.140313294191803,4.092848931384719,-0.02617978666944599,-0.02957446830725561,0.1120803032924693,75.70371646627243,26.882980308816567,6.396493733213466,42.4242424242424,B
56931788,-0.11411947078032106,-0.14247228172453608,4.092410237648839,-0.02357341336877499,-0.03486931305830039,0.009616595715982779,75.9067349067097,27.064064062459806,6.418428420007494,42.4242424242424,B
56931853,-0.11471091930732323,-0.1437083632013691,4.085527139350562,-0.009701420634492688,-0.02167017242322565,-0.024414610926350232,73.18669730872745,27.030174579866713,6.762583334921349,39.393939393939384,B
56931920,-0.11512418514603398,-0.14485555596784327,4.089373273211687,-0.002865045942254415,-0.012046555858259306,0.11623661210196412,72.89801591831781,26.93379988251338,6.5702766418650524,39.393939393939384,B
56931988,-0.11601158425682469,-0.14602638175059918,4.088615519966048,-0.013481673866072106,-0.014162812113501875,0.07876268118476507,73.05919303569148,27.057089337605063,6.60816430414703,39.393939393939384,B
56932047,-0.11693689078546023,-0.1467290570310871,4.087041238080098,-0.01472754903294634,-0.008282668192155854,0.13995979432101213,70.35551074568144,27.30499598360056,6.686878398444559,36.36363636363633,B
56932118,-0.11888821774402564,-0.14854910364604684,4.076858754248078,-0.02403329199480782,-0.021019156065188276,-0.3620885939989843,71.28332084852971,27.723681894847815,7.19600259004556,36.36363636363633,B
56932191,-0.12031084879568983,-0.1499707193500473,4.082277420632675,-0.03086896131156105,-0.03796759360272084,-0.08560228869876739,68.28126970524079,28.02286710109178,6.925069270815687,33.333333333333314,B
56932256,-0.12123677990109749,-0.15147989789294203,4.036354935524102,-0.033138662199573836,-0.051520100116786746,-1.4200828629303408,70.61943380655639,28.064906946978766,9.221193526244303,33.333333333333314,B
56932323,-0.12191027083045017,-0.15255295104121622,4.0829910397284355,-0.009694174984370512,-0.017892160240152114,0.08327747958197756,68.34121139414239,28.118489744781428,6.889388316027654,33.333333333333314,B
56932389,-0.12252922417112597,-0.15362693802501196,4.078138040363472,-0.0035699940067712185,-0.006783821207234627,-0.07330125552718778,65.57169516047527,28.1366265731692,7.132038284275811,30.303030303030265,B
56932456,-0.12342993899307458,-0.15457853558279738,4.085460257186279,-0.0056959252691953675,-0.0036388171497713784,0.01174043893565715,65.36905822782802,28.30010048166229,6.765927443135467,30.303030303030265,B
56932529,-0.12422363369465339,-0.1553006418344356,4.087706259383964,-0.007062928754866889,-0.004164548968920505,0.07099086575525845,65.43920045684665,28.48254282056518,6.653627333251206,30.303030303030265,B
56932599,-0.12543028922771784,-0.15689799338653027,4.04198541916537,-0.007337474119474581,-0.01411205204220215,-1.257520450818742,64.8547748772333,28.64237826032511,8.939669344180935,27.27272727272725,B
56932666,-0.12690951032677164,-0.15867899529305318,4.08756264412397,-0.014757510135113585,-0.019434258482560206,-0.0488409462323482,62.80300828533869,28.869472916360497,6.660808096250944,27.27272727272725,B
56932720,-0.1283107824133481,-0.16056244568084435,4.079430892561322,-0.05046729279530655,-0.06508858453795371,-0.20151498731767786,60.352848588056176,29.04302867124861,7.067395674383327,24.24242424242423,B
56932788,-0.12931327875855986,-0.16251650702337134,4.086819281971893,-0.031816426389448,-0.05472359581171377,0.11745726724941065,59.96670308913356,29.02630264285452,6.697976203854809,24.24242424242423,B
56932851,-0.13192176245332748,-0.16662027240064112,4.070272898641394,-0.03759514193892451,-0.05729541799989975,-0.30161382316457025,57.953739516835746,29.216322934334823,7.525295370379744,21.212121212121183,B
56932916,-0.1325304663138011,-0.16729883012812602,4.075489011925616,-0.019097247811323968,-0.023619791506972566,-0.2834695702025096,54.76383420493517,29.31752631694837,7.264489706168634,18.181818181818166,B
56933032,-0.134130155772957,-0.1688563456447762,4.075839538837338,-0.030358355600447955,-0.032585401839106166,-0.08900682430965956,55.077583780896084,29.64880223849538,7.246963360582537,18.181818181818166,B
56933157,-0.13569190626055988,-0.17030187762382423,4.010900269678425,-0.0064133528204490435,-0.003861432032270551,-1.0327838307844126,55.64808235791362,30.002640387870297,10.493926818528212,15.151515151515117,B
56933283,-0.13855460929816774,-0.17376418626573467,4.009750607173553,-0.024817880709810662,-0.03427439874907033,-0.8542399848232446,53.1174058549672,30.444783789983287,10.551409943771816,12.1212121212121,B
56933349,-0.14044136127580703,-0.17590957587786438,4.031126907529238,-0.00464410765805767,-0.005642531309692847,-0.24879143021501557,52.37726072883085,30.77345368163123,9.482594925987511,12.1212121212121,B
56933394,-0.14111304957880164,-0.1767604647754732,4.030707530267307,-0.011498196349325734,-0.014993503121205901,0.19040114404815645,49.463569986828034,30.869097106834865,9.503563789084083,9.090909090909083,B
56933451,-0.14175976114573297,-0.17761366909897225,4.030417909775581,0.006749307568852121,0.006733756387084163,0.015827409284844263,49.552752199459064,30.943798294879596,9.518044813670382,9.090909090909083,B
56933520,-0.14329499669584317,-0.17970052440207432,4.0342171000525155,-0.019305522958085707,-0.02852502050298462,0.046234557008605515,49.562647534335156,31.143653143602425,9.328085299823655,9.090909090909083,B
56933629,-0.14333034566220945,-0.1799830444503623,3.9798104678570394,-0.00689559371857568,-0.009700726271794524,-0.1158731942908834,49.198973186611305,31.08995021640781,12.04841690959746,6.060606060606033,B
56933759,-0.14567041444409312,-0.18245172407367394,4.016398517191947,-0.021792354705600897,-0.02453968013266538,-0.12060358704119692,47.81200693931558,31.532386435857408,10.219014442852135,6.060606060606033,B
56933872,-0.14785880742251076,-0.18481952705674615,4.0072869276769225,-0.02066763432330906,-0.0240363743800254,-0.03709327820404049,45.63567665066121,31.930779701754883,10.674593918603309,3.0303030303030165,B
56933943,-0.14880935661308092,-0.18604541139660313,4.011654110171774,-0.009666115141799415,-0.013002080028637867,0.0077783152821957816,45.56009128560015,32.07355346143642,10.456234793860714,3.0303030303030165,B
56933992,-0.14968836620497786,-0.18716955179078593,4.014817541458419,-0.02774054640335482,-0.030117133042034873,1.4214350932344455,42.483450434441544,32.18538720491307,10.298063229528475,0.0,B
56934059,-0.15011081699024317,-0.18770318295579166,4.014823669530239,-0.002231265848671025,-0.002333496749067377,0.034840869194009035,42.54037837465912,32.24262154872161,10.297756825937512,0.0,B
56934121,-0.15120624967126436,-0.18919304928277103,3.9794651479332934,-0.0205404223690193,-0.02394389502482249,0.2793770011576177,44.44896140716636,32.383278501381604,12.065682905784755,0.0,B
56934220,-0.15419398718353564,-0.19339285281763527,4.0020185914798265,-0.03287944023439053,-0.05289894369626403,-0.0913306735571607,43.808288327864695,32.870277599406585,10.93801072845811,0.0,B
56934288,-0.1551239030523507,-0.19440285822982378,4.000926469103034,-0.004352974453213778,0.0009330248015063065,-0.24381289620688595,44.10747662315016,33.11485977585245,10.992616847297715,0.0,B
56934351,-0.15724456302331707,-0.19627023116765932,4.002336503204587,-0.023396103009446143,-0.018369965289263084,-0.15601500120525147,44.71103069460703,33.788915552386925,10.922115142220106,0.0,B
56934427,-0.15894206414684273,-0.19760212256363047,3.951300290721579,-0.020257742467459483,-0.017816096163352824,-1.4655604625152228,47.85923509013253,34.385309323762044,13.473925766370485,0.0,B
56934528,-0.16113308072427135,-0.19923886732940832,3.9813882207235785,-0.02694863244088197,-0.02637457057589149,-0.1484000062764699,47.16975540671648,35.20022614044596,11.969529266270518,0.0,B
56934648,-0.16358299554364614,-0.20171216641667816,3.9807288242435175,-0.018197680665567068,-0.017992559254308732,-0.08612466416539542,48.07790024621596,36.07540115594243,12.002499090273531,0.0,B
56934746,-0.16539482892678795,-0.20432972859340487,3.969512072357352,-0.017414361874890563,-0.026014427763581368,-0.1285789116056464,49.24818228800157,36.68484560341973,12.563336684581838,0.0,B
56934814,-0.16685411200709535,-0.20605331069124175,3.979282684481736,-0.023744063237279397,-0.02466424252488009,0.09704755292094931,49.32406025310122,37.24925417473862,12.074806078362604,0.0,B
56934863,-0.16795913405138482,-0.20697083396252575,3.975690087406379,-0.03768977225804087,-0.03622269830578609,-0.0684643098636156,49.97674081198521,37.72230487985476,12.254435932130447,0.0,B
56934920,-0.16867805291225407,-0.20730122137122248,3.9748044586480487,0.0004322685358930149,0.01866164324969261,0.9480644170524535,50.35204491806349,38.05332754801648,12.29871737004701,0.0,B
56934992,-0.17048722392414603,-0.20898390290619612,3.9760441522655663,-0.020795854802767997,-0.01969302254577858,0.022374146335951476,51.07474848818453,38.83801579901342,12.236732689171113,0.0,B
56935067,-0.17091055626135604,-0.2091018976102917,3.971404871310867,-0.009445988677622863,-0.006905775672634401,-0.010331333386533024,51.509799643141434,39.04110290623534,12.468696736906093,0.0,B
56935200,-0.17186622473639296,-0.209959669544499,3.967681483188038,-0.0008479858335806556,0.0018755037740826636,-0.10708416532636089,52.122526626022974,39.467660482975454,12.654866143047517,0.0,B
56935255,-0.17364464859412693,-0.21236932444276743,3.97029796454154,0.0010360705310645765,-0.0036430468741466835,0.08108442142587532,52.76840254397368,40.24436046860122,12.524042075372458,0.0,B
56935330,-0.1744741636399339,-0.21336056883680987,3.967318654695392,0.014354120282848699,0.019528641324953324,-0.06090106678456718,53.29747730035658,40.624469732676765,12.673007567679818,0.0,B
56935395,-0.17575622222467724,-0.21455168278129655,3.968890962132916,-0.010536974839855549,-0.005664923553485535,-0.0013762855060831546,53.82689919781195,41.23250700200832,12.59439219580363,0.0,B
56935492,-0.17784298373433072,-0.21613218182635108,3.9711596792133927,-0.031657975869254715,-0.02909354002861848,0.05194544524458861,54.72753524640672,42.246578904626965,12.480956341779754,0.0,H
56935558,-0.17875086105258936,-0.21678759314779167,3.9731194068754445,-0.014203392513991567,-0.013788908721364467,0.06273650944257209,55.07603747156621,42.69306751288901,12.382969958677203,0.0,H
56935624,-0.17961302459330547,-0.2196028183402494,4.012566497786343,-0.01598810094910902,-0.05570698315303788,0.8946792171175616,53.531994295937466,43.12137888280519,10.410615413132273,0.0,H
56935692,-0.18040350970224797,-0.22214780150775654,4.0756060009644495,-0.030885304727385928,-0.05889359888552483,0.688576900586434,50.81197379381374,43.55333353958677,7.258640254226976,0.0,H
56935755,-0.18031931061033518,-0.22350000309990264,4.099817113950087,-0.0029501019514522517,-0.02485466023022618,0.3097711047979433,49.59402187171518,43.54593726677017,6.04808460494501,0.0,H
56935844,-0.1810576954138644,-0.22558310891570277,4.141233700947822,-0.011467517587974497,-0.030954135009514085,0.6549758125930774,47.9649860603769,43.987730805318556,3.977255255058349,0.0,H
56935978,-0.1812686425567489,-0.22733369310099744,4.179373587673501,0.0005203102135106409,-0.013824280103390239,0.3779393701056189,46.243413011080506,44.173152092306154,2.0702609187743546,0.0,H
56936062,-0.18259596306040818,-0.23018572770477386,4.21349982813785,0.008616032612023844,0.0031579734175352005,0.1346157941132001,45.36245960025808,44.998510704700614,0.3639488955574657,0.0,H
